<?xml version="1.0" encoding="utf-8" standalone="yes"?>
<SexyContent FileVersion="07.00.00" MinimumRequiredVersion="07.00.00" ModuleVersion="08.08.01" ExportDate="2017-11-30T11:15:48.850208+01:00">
  <Header>
    <App Guid="914458fd-5ba6-4275-92bc-19944351d89d" />
    <Language Default="nl-NL" />
    <Dimensions />
  </Header>
  <AttributeSets>
    <AttributeSet StaticName="App-Resources" Name="App-Resources" Description="Stores resources like translations for an app" Scope="2SexyContent-App" AlwaysShareConfiguration="false">
      <Attributes />
    </AttributeSet>
    <AttributeSet StaticName="App-Settings" Name="App-Settings" Description="Stores settings for an app" Scope="2SexyContent-App" AlwaysShareConfiguration="false">
      <Attributes />
    </AttributeSet>
    <AttributeSet StaticName="61221975-9ee0-406c-aab7-040d3b63992c" Name="Table" Description="Table" Scope="2SexyContent" AlwaysShareConfiguration="false">
      <Attributes>
        <Attribute StaticName="Subject" Type="String" IsTitle="true">
          <Entity AssignmentObjectType="EAV Field Properties" AttributeSetStaticName="@All" AttributeSetName="@All" EntityGUID="38ab8409-ea66-4f5d-883b-c4e13b4fa931" KeyNumber="849">
            <Value Key="Name" Value="Subject" Type="String" />
            <Value Key="VisibleInEditUI" Value="True" Type="Boolean" />
            <Value Key="InputType" Value="string-default" Type="String" />
          </Entity>
        </Attribute>
        <Attribute StaticName="ValueColumn1" Type="String" IsTitle="false">
          <Entity AssignmentObjectType="EAV Field Properties" AttributeSetStaticName="@All" AttributeSetName="@All" EntityGUID="a25fef03-7377-4d55-ae12-4f747eb50f30" KeyNumber="850">
            <Value Key="Name" Value="ValueRow1" Type="String" />
            <Value Key="VisibleInEditUI" Value="True" Type="Boolean" />
            <Value Key="InputType" Value="string-default" Type="String" />
          </Entity>
        </Attribute>
        <Attribute StaticName="ValueColumn2" Type="String" IsTitle="false">
          <Entity AssignmentObjectType="EAV Field Properties" AttributeSetStaticName="@All" AttributeSetName="@All" EntityGUID="61cf10e5-9a40-412f-b110-d450a50738ed" KeyNumber="851">
            <Value Key="Name" Value="ValueRow2" Type="String" />
            <Value Key="VisibleInEditUI" Value="True" Type="Boolean" />
            <Value Key="InputType" Value="string-default" Type="String" />
          </Entity>
        </Attribute>
        <Attribute StaticName="ValueColumn3" Type="String" IsTitle="false">
          <Entity AssignmentObjectType="EAV Field Properties" AttributeSetStaticName="@All" AttributeSetName="@All" EntityGUID="8e0e8d3e-78a9-49ff-95d1-4a60abd8dd9c" KeyNumber="852">
            <Value Key="Name" Value="ValueRow3" Type="String" />
            <Value Key="VisibleInEditUI" Value="True" Type="Boolean" />
            <Value Key="InputType" Value="string-default" Type="String" />
          </Entity>
        </Attribute>
        <Attribute StaticName="ValueColumn4" Type="String" IsTitle="false">
          <Entity AssignmentObjectType="EAV Field Properties" AttributeSetStaticName="@All" AttributeSetName="@All" EntityGUID="39630909-4568-42df-88b2-65f85f49d90b" KeyNumber="853">
            <Value Key="Name" Value="ValueColumn4" Type="String" />
            <Value Key="VisibleInEditUI" Value="True" Type="Boolean" />
            <Value Key="InputType" Value="string-default" Type="String" />
          </Entity>
        </Attribute>
      </Attributes>
    </AttributeSet>
  </AttributeSets>
  <Entities>
    <Entity AssignmentObjectType="App" AttributeSetStaticName="2SexyContent-App" AttributeSetName="2SexyContent-App" EntityGUID="960d9bc3-a24e-4c97-ba19-93f791000732" KeyNumber="32">
      <Value Key="DisplayName" Value="Table" Type="String" />
      <Value Key="Version" Value="00.00.01" Type="String" />
      <Value Key="Folder" Value="Table" Type="String" />
      <Value Key="AllowTokenTemplates" Value="False" Type="Boolean" />
      <Value Key="AllowRazorTemplates" Value="False" Type="Boolean" />
      <Value Key="OriginalId" Value="" Type="String" />
    </Entity>
    <Entity AssignmentObjectType="App" AttributeSetStaticName="App-Settings" AttributeSetName="App-Settings" EntityGUID="d189ccba-0570-45aa-bc1c-21bbfc2dc221" KeyNumber="32" />
    <Entity AssignmentObjectType="App" AttributeSetStaticName="App-Resources" AttributeSetName="App-Resources" EntityGUID="c46f0c89-0829-4df9-8fe5-de3ab162a046" KeyNumber="32" />
    <Entity AssignmentObjectType="Default" AttributeSetStaticName="2SexyContent-Template" AttributeSetName="2SexyContent-Template" EntityGUID="4552dcac-d2c4-48df-8c8b-6798fb871537">
      <Value Key="Name" Value="Table" Type="String" />
      <Value Key="Path" Value="Table.html" Type="String" />
      <Value Key="ContentTypeStaticName" Value="61221975-9ee0-406c-aab7-040d3b63992c" Type="String" />
      <Value Key="ContentDemoEntity" Value="" Type="Entity" />
      <Value Key="PresentationTypeStaticName" Value="61221975-9ee0-406c-aab7-040d3b63992c" Type="String" />
      <Value Key="PresentationDemoEntity" Value="" Type="Entity" />
      <Value Key="ListContentTypeStaticName" Value="61221975-9ee0-406c-aab7-040d3b63992c" Type="String" />
      <Value Key="ListContentDemoEntity" Value="" Type="Entity" />
      <Value Key="ListPresentationTypeStaticName" Value="61221975-9ee0-406c-aab7-040d3b63992c" Type="String" />
      <Value Key="ListPresentationDemoEntity" Value="" Type="Entity" />
      <Value Key="Type" Value="Token" Type="String" />
      <Value Key="IsHidden" Value="False" Type="Boolean" />
      <Value Key="Location" Value="Portal File System" Type="String" />
      <Value Key="UseForList" Value="True" Type="Boolean" />
      <Value Key="PublishData" Value="False" Type="Boolean" />
      <Value Key="StreamsToPublish" Value="" Type="String" />
      <Value Key="Pipeline" Value="" Type="Entity" />
      <Value Key="ViewNameInUrl" Value="" Type="String" />
    </Entity>
    <Entity AssignmentObjectType="Default" AttributeSetStaticName="61221975-9ee0-406c-aab7-040d3b63992c" AttributeSetName="Table" EntityGUID="d4c24806-f879-4d3e-8321-35d0097c0454">
      <Value Key="Subject" Value=".NET API" Type="String" />
      <Value Key="ValueColumn1" Value="v" Type="String" />
      <Value Key="ValueColumn2" Value="v" Type="String" />
      <Value Key="ValueColumn3" Value="v" Type="String" />
      <Value Key="ValueColumn4" Value="" Type="String" />
    </Entity>
    <Entity AssignmentObjectType="Default" AttributeSetStaticName="61221975-9ee0-406c-aab7-040d3b63992c" AttributeSetName="Table" EntityGUID="dfb2cea1-2f8c-48fd-ad72-46eed942d229">
      <Value Key="Subject" Value="Extension Packaging and Versioning" Type="String" />
      <Value Key="ValueColumn1" Value="V" Type="String" />
      <Value Key="ValueColumn2" Value="V" Type="String" />
      <Value Key="ValueColumn3" Value="V" Type="String" />
      <Value Key="ValueColumn4" Value="V" Type="String" />
    </Entity>
  </Entities>
  <PortalFiles />
  <PortalFolders>
    <Folder Id="517" RelativePath="adam/Table/" />
  </PortalFolders>
</SexyContent>