<?xml version="1.0" encoding="utf-8" standalone="yes"?>
<SexyContent FileVersion="07.00.00" MinimumRequiredVersion="07.00.00" ModuleVersion="09.02.00" ExportDate="2017-12-01T14:55:06.4811872+01:00">
  <Header>
    <App Guid="28bad8aa-ed80-46fb-abf9-f46cb6810dd0" />
    <Language Default="nl-NL" />
    <Dimensions />
  </Header>
  <AttributeSets>
    <AttributeSet StaticName="App-Resources" Name="App-Resources" Description="Stores resources like translations for an app" Scope="2SexyContent-App" AlwaysShareConfiguration="false">
      <Attributes />
    </AttributeSet>
    <AttributeSet StaticName="App-Settings" Name="App-Settings" Description="Stores settings for an app" Scope="2SexyContent-App" AlwaysShareConfiguration="false">
      <Attributes />
    </AttributeSet>
    <AttributeSet StaticName="4c621e27-07c0-4669-8e8a-b3487aaa1d57" Name="DNNG-055-Home2-Header" Description="DNNG-055-Home2-Header" Scope="2SexyContent" AlwaysShareConfiguration="false">
      <Attributes>
        <Attribute StaticName="Titel" Type="String" IsTitle="true">
          <Entity AssignmentObjectType="EAV Field Properties" AttributeSetStaticName="@All" AttributeSetName="@All" EntityGUID="c53b358c-a110-4a4a-8d4f-b2e72a15d737" KeyNumber="572">
            <Value Key="VisibleInEditUI" Value="True" Type="Boolean" />
            <Value Key="Name" Value="Titel" Type="String" />
            <Value Key="InputType" Value="string-default" Type="String" />
          </Entity>
        </Attribute>
        <Attribute StaticName="Subtitel" Type="String" IsTitle="true">
          <Entity AssignmentObjectType="EAV Field Properties" AttributeSetStaticName="@All" AttributeSetName="@All" EntityGUID="475d7f1b-b08f-4ef7-a5a1-d867c7431730" KeyNumber="573">
            <Value Key="VisibleInEditUI" Value="True" Type="Boolean" />
            <Value Key="Name" Value="Subtitel" Type="String" />
            <Value Key="InputType" Value="string-default" Type="String" />
          </Entity>
        </Attribute>
        <Attribute StaticName="Backgroundimage" Type="Hyperlink" IsTitle="true">
          <Entity AssignmentObjectType="EAV Field Properties" AttributeSetStaticName="@All" AttributeSetName="@All" EntityGUID="543f5720-1df1-4411-8fd2-8c20fc71ee2d" KeyNumber="574">
            <Value Key="VisibleInEditUI" Value="True" Type="Boolean" />
            <Value Key="Name" Value="Backgroundimage" Type="String" />
            <Value Key="InputType" Value="hyperlink-default" Type="String" />
          </Entity>
        </Attribute>
        <Attribute StaticName="Button-title" Type="String" IsTitle="true">
          <Entity AssignmentObjectType="EAV Field Properties" AttributeSetStaticName="@All" AttributeSetName="@All" EntityGUID="508bddd8-7dfc-4a42-bdad-cad41d2b418d" KeyNumber="575">
            <Value Key="VisibleInEditUI" Value="True" Type="Boolean" />
            <Value Key="Name" Value="Button-title" Type="String" />
            <Value Key="InputType" Value="string-default" Type="String" />
          </Entity>
        </Attribute>
        <Attribute StaticName="Button-link" Type="Hyperlink" IsTitle="true">
          <Entity AssignmentObjectType="EAV Field Properties" AttributeSetStaticName="@All" AttributeSetName="@All" EntityGUID="1e8825c1-9cf6-4b94-87af-e1d69b631cba" KeyNumber="576">
            <Value Key="VisibleInEditUI" Value="True" Type="Boolean" />
            <Value Key="Name" Value="Button-link" Type="String" />
            <Value Key="InputType" Value="hyperlink-default" Type="String" />
          </Entity>
        </Attribute>
      </Attributes>
    </AttributeSet>
  </AttributeSets>
  <Entities>
    <Entity AssignmentObjectType="App" AttributeSetStaticName="2SexyContent-App" AttributeSetName="2SexyContent-App" EntityGUID="0f2dd5bc-02a5-4532-99d8-a93ba50c2b10" KeyNumber="15">
      <Value Key="DisplayName" Value="Header-Airsoft" Type="String" />
      <Value Key="Folder" Value="Header-Airsoft" Type="String" />
      <Value Key="AllowTokenTemplates" Value="False" Type="Boolean" />
      <Value Key="AllowRazorTemplates" Value="False" Type="Boolean" />
      <Value Key="Version" Value="00.00.01" Type="String" />
      <Value Key="OriginalId" Value="" Type="String" />
    </Entity>
    <Entity AssignmentObjectType="App" AttributeSetStaticName="App-Settings" AttributeSetName="App-Settings" EntityGUID="71425188-e7a5-4cbf-9ef7-9eeda90c7000" KeyNumber="15" />
    <Entity AssignmentObjectType="App" AttributeSetStaticName="App-Resources" AttributeSetName="App-Resources" EntityGUID="207a10ca-358d-46d3-aec9-dfe398a7a0dd" KeyNumber="15" />
    <Entity AssignmentObjectType="Default" AttributeSetStaticName="2SexyContent-Template" AttributeSetName="2SexyContent-Template" EntityGUID="6b1f9881-25ae-4b97-a2c3-0fd393587343">
      <Value Key="Name" Value="DNNG-055-Home2-Header" Type="String" />
      <Value Key="ViewNameInUrl" Value="" Type="String" />
      <Value Key="Type" Value="Token" Type="String" />
      <Value Key="Location" Value="Portal File System" Type="String" />
      <Value Key="StreamsToPublish" Value="" Type="String" />
      <Value Key="IsHidden" Value="False" Type="Boolean" />
      <Value Key="Path" Value="Header-Airsoft.html" Type="String" />
      <Value Key="ContentTypeStaticName" Value="4c621e27-07c0-4669-8e8a-b3487aaa1d57" Type="String" />
      <Value Key="PresentationTypeStaticName" Value="4c621e27-07c0-4669-8e8a-b3487aaa1d57" Type="String" />
      <Value Key="UseForList" Value="False" Type="Boolean" />
      <Value Key="ListContentTypeStaticName" Value="" Type="String" />
      <Value Key="ListPresentationTypeStaticName" Value="" Type="String" />
      <Value Key="PublishData" Value="False" Type="Boolean" />
    </Entity>
    <Entity AssignmentObjectType="Default" AttributeSetStaticName="4c621e27-07c0-4669-8e8a-b3487aaa1d57" AttributeSetName="DNNG-055-Home2-Header" EntityGUID="65d0b9c5-6c0c-4d4c-a3fd-83f173377111">
      <Value Key="Titel" Value="BEN JIJ&lt;br /&gt; ER KLAAR&lt;br /&gt; VOOR?" Type="String" />
      <Value Key="Subtitel" Value="De nieuwste rage in extreme sports! &lt;br /&gt;Uitdagende scenario's met levensechte vuurwapen replica's" Type="String" />
      <Value Key="Button-title" Value="Boek nu!" Type="String" />
      <Value Key="Backgroundimage" Value="File:5906" Type="Hyperlink" />
      <Value Key="Button-link" Value="/wizard" Type="Hyperlink" />
    </Entity>
    <Entity AssignmentObjectType="Default" AttributeSetStaticName="4c621e27-07c0-4669-8e8a-b3487aaa1d57" AttributeSetName="DNNG-055-Home2-Header" EntityGUID="cc1ecd9d-c2c4-48f4-8172-64f43ee35e86">
      <Value Key="Titel" Value="Titel" Type="String" />
      <Value Key="Subtitel" Value="Subtitel" Type="String" />
      <Value Key="Button-title" Value="Buttontitel" Type="String" />
      <Value Key="Backgroundimage" Value="/" Type="Hyperlink" />
      <Value Key="Button-link" Value="tjeps.com" Type="Hyperlink" />
    </Entity>
    <Entity AssignmentObjectType="Default" AttributeSetStaticName="4c621e27-07c0-4669-8e8a-b3487aaa1d57" AttributeSetName="DNNG-055-Home2-Header" EntityGUID="ad61dddf-196d-49d4-bb46-3807379b800c">
      <Value Key="Titel" Value="gdf" Type="String" />
      <Value Key="Subtitel" Value="gfd" Type="String" />
      <Value Key="Button-title" Value="gfd" Type="String" />
      <Value Key="Backgroundimage" Value="" Type="Hyperlink" />
      <Value Key="Button-link" Value="gdf.nl" Type="Hyperlink" />
    </Entity>
    <Entity AssignmentObjectType="Default" AttributeSetStaticName="4c621e27-07c0-4669-8e8a-b3487aaa1d57" AttributeSetName="DNNG-055-Home2-Header" EntityGUID="04b9463a-f195-4511-83c5-4df373b51183">
      <Value Key="Titel" Value="fnhj" Type="String" />
      <Value Key="Subtitel" Value="gfhjfh" Type="String" />
      <Value Key="Button-title" Value="button" Type="String" />
      <Value Key="Backgroundimage" Value="File:5982" Type="Hyperlink" />
      <Value Key="Button-link" Value="www.tjeps.com" Type="Hyperlink" />
    </Entity>
    <Entity AssignmentObjectType="Default" AttributeSetStaticName="4c621e27-07c0-4669-8e8a-b3487aaa1d57" AttributeSetName="DNNG-055-Home2-Header" EntityGUID="b90cc688-28c3-46cd-8767-eb5a20392821">
      <Value Key="Titel" Value="Umarex Glock replica's" Type="String" />
      <Value Key="Subtitel" Value="G17 Gen. 4, G17, G19 en G42" Type="String" />
      <Value Key="Button-title" Value="Check out the preview" Type="String" />
      <Value Key="Backgroundimage" Value="File:5984" Type="Hyperlink" />
      <Value Key="Button-link" Value="https://www.youtube.com/watch?v=99ESC9KixHE" Type="Hyperlink" />
    </Entity>
    <Entity AssignmentObjectType="Default" AttributeSetStaticName="4c621e27-07c0-4669-8e8a-b3487aaa1d57" AttributeSetName="DNNG-055-Home2-Header" EntityGUID="59f871cb-c6d0-4232-9564-cedfad2522b9">
      <Value Key="Titel" Value="In store begin of december 2017" Type="String" />
      <Value Key="Subtitel" Value="Glock 17 gen. 4, G17, G19, G42 GBB &amp; CO2" Type="String" />
      <Value Key="Button-title" Value="Check out the preview" Type="String" />
      <Value Key="Backgroundimage" Value="File:5987" Type="Hyperlink" />
      <Value Key="Button-link" Value="https://www.youtube.com/watch?v=99ESC9KixHE" Type="Hyperlink" />
    </Entity>
  </Entities>
  <PortalFiles>
    <File Id="5906" RelativePath="adam\Header-Airsoft\xbnQZQxsTE2j_YPxczdxEQ\Backgroundimage\8K7A3439 copy.jpg" />
    <File Id="5982" RelativePath="adam\Header-Airsoft\Oka5BJXxEUWDxU3zc7URgw\Backgroundimage\family-walking-field-nature-togetherness-concept-PZ8DSSM.jpg" />
    <File Id="5987" RelativePath="adam\Header-Airsoft\y3H4WdDGMkKVZM7frSUiuQ\Backgroundimage\Banner 3.jpg" />
  </PortalFiles>
  <PortalFolders>
    <Folder Id="1217" RelativePath="adam/Header-Airsoft/xbnQZQxsTE2j_YPxczdxEQ/Backgroundimage/" />
    <Folder Id="1561" RelativePath="adam/Header-Airsoft/Oka5BJXxEUWDxU3zc7URgw/Backgroundimage/" />
    <Folder Id="1567" RelativePath="adam/Header-Airsoft/y3H4WdDGMkKVZM7frSUiuQ/Backgroundimage/" />
    <Folder Id="1215" RelativePath="adam/Header-Airsoft/" />
    <Folder Id="1564" RelativePath="adam/Header-Airsoft/iMYMucMozUaHZ-taIDkoIQ/" />
    <Folder Id="1565" RelativePath="adam/Header-Airsoft/iMYMucMozUaHZ-taIDkoIQ/Backgroundimage/" />
    <Folder Id="1248" RelativePath="adam/Header-Airsoft/nc0ezMTC9EiBcmT0PuNehg/" />
    <Folder Id="1249" RelativePath="adam/Header-Airsoft/nc0ezMTC9EiBcmT0PuNehg/Backgroundimage/" />
    <Folder Id="1560" RelativePath="adam/Header-Airsoft/Oka5BJXxEUWDxU3zc7URgw/" />
    <Folder Id="1216" RelativePath="adam/Header-Airsoft/xbnQZQxsTE2j_YPxczdxEQ/" />
    <Folder Id="1566" RelativePath="adam/Header-Airsoft/y3H4WdDGMkKVZM7frSUiuQ/" />
  </PortalFolders>
</SexyContent>