<?xml version="1.0" encoding="utf-8" standalone="yes"?>
<SexyContent FileVersion="07.00.00" MinimumRequiredVersion="07.00.00" ModuleVersion="09.02.00" ExportDate="2017-12-01T14:54:56.8081496+01:00">
  <Header>
    <App Guid="705ba540-8eea-439a-98fb-86e976816b87" />
    <Language Default="nl-NL" />
    <Dimensions />
  </Header>
  <AttributeSets>
    <AttributeSet StaticName="App-Resources" Name="App-Resources" Description="Stores resources like translations for an app" Scope="2SexyContent-App" AlwaysShareConfiguration="false">
      <Attributes />
    </AttributeSet>
    <AttributeSet StaticName="App-Settings" Name="App-Settings" Description="Stores settings for an app" Scope="2SexyContent-App" AlwaysShareConfiguration="false">
      <Attributes />
    </AttributeSet>
    <AttributeSet StaticName="186b4981-e5c0-407b-a6c5-8fa51e814e31" Name="goedomteweten" Description="goedomteweten" Scope="2SexyContent" AlwaysShareConfiguration="false">
      <Attributes>
        <Attribute StaticName="Icon" Type="String" IsTitle="true">
          <Entity AssignmentObjectType="EAV Field Properties" AttributeSetStaticName="@All" AttributeSetName="@All" EntityGUID="98ef2e31-c2df-4620-a105-5bdb6fae3994" KeyNumber="660">
            <Value Key="VisibleInEditUI" Value="True" Type="Boolean" />
            <Value Key="Name" Value="Icon" Type="String" />
            <Value Key="InputType" Value="string-default" Type="String" />
          </Entity>
        </Attribute>
        <Attribute StaticName="Titel" Type="String" IsTitle="true">
          <Entity AssignmentObjectType="EAV Field Properties" AttributeSetStaticName="@All" AttributeSetName="@All" EntityGUID="56a6c3ba-7573-4f63-ab21-ab6b6fdd6773" KeyNumber="661">
            <Value Key="VisibleInEditUI" Value="True" Type="Boolean" />
            <Value Key="Name" Value="Titel" Type="String" />
            <Value Key="InputType" Value="string-default" Type="String" />
          </Entity>
        </Attribute>
        <Attribute StaticName="Text" Type="String" IsTitle="true">
          <Entity AssignmentObjectType="EAV Field Properties" AttributeSetStaticName="@All" AttributeSetName="@All" EntityGUID="844b1459-0d83-4a11-bdcc-20568d7174a5" KeyNumber="662">
            <Value Key="VisibleInEditUI" Value="True" Type="Boolean" />
            <Value Key="Name" Value="Text" Type="String" />
            <Value Key="InputType" Value="string-wysiwyg" Type="String" />
          </Entity>
        </Attribute>
        <Attribute StaticName="Linktekst" Type="String" IsTitle="true">
          <Entity AssignmentObjectType="EAV Field Properties" AttributeSetStaticName="@All" AttributeSetName="@All" EntityGUID="90fac03f-eb2e-4ac7-94d1-e30feddf0e13" KeyNumber="663">
            <Value Key="VisibleInEditUI" Value="True" Type="Boolean" />
            <Value Key="Name" Value="Linktekst" Type="String" />
            <Value Key="InputType" Value="string-default" Type="String" />
          </Entity>
        </Attribute>
        <Attribute StaticName="Link" Type="Hyperlink" IsTitle="true">
          <Entity AssignmentObjectType="EAV Field Properties" AttributeSetStaticName="@All" AttributeSetName="@All" EntityGUID="d63bb616-469c-4886-97fc-edbdad2e0809" KeyNumber="664">
            <Value Key="VisibleInEditUI" Value="True" Type="Boolean" />
            <Value Key="Name" Value="Link" Type="String" />
            <Value Key="InputType" Value="hyperlink-default" Type="String" />
          </Entity>
        </Attribute>
      </Attributes>
    </AttributeSet>
  </AttributeSets>
  <Entities>
    <Entity AssignmentObjectType="App" AttributeSetStaticName="2SexyContent-App" AttributeSetName="2SexyContent-App" EntityGUID="2eafb8a6-2145-4705-8418-86d9966f9484" KeyNumber="23">
      <Value Key="DisplayName" Value="Goed om te weten" Type="String" />
      <Value Key="Folder" Value="Goed om te weten" Type="String" />
      <Value Key="AllowTokenTemplates" Value="False" Type="Boolean" />
      <Value Key="AllowRazorTemplates" Value="False" Type="Boolean" />
      <Value Key="Version" Value="00.00.01" Type="String" />
      <Value Key="OriginalId" Value="" Type="String" />
    </Entity>
    <Entity AssignmentObjectType="App" AttributeSetStaticName="App-Settings" AttributeSetName="App-Settings" EntityGUID="67129bfb-3c1f-49b3-97c8-d1d48e8851bd" KeyNumber="23" />
    <Entity AssignmentObjectType="App" AttributeSetStaticName="App-Resources" AttributeSetName="App-Resources" EntityGUID="77722f9b-17eb-4029-888c-fe86e6728334" KeyNumber="23" />
    <Entity AssignmentObjectType="Default" AttributeSetStaticName="2SexyContent-Template" AttributeSetName="2SexyContent-Template" EntityGUID="c2799e3f-f46f-4997-ab16-54e5c92d3f5c">
      <Value Key="Name" Value="goedomteweten" Type="String" />
      <Value Key="ViewNameInUrl" Value="" Type="String" />
      <Value Key="Type" Value="Token" Type="String" />
      <Value Key="Location" Value="Portal File System" Type="String" />
      <Value Key="StreamsToPublish" Value="" Type="String" />
      <Value Key="IsHidden" Value="False" Type="Boolean" />
      <Value Key="Path" Value="goedomteweten.html" Type="String" />
      <Value Key="ContentTypeStaticName" Value="186b4981-e5c0-407b-a6c5-8fa51e814e31" Type="String" />
      <Value Key="PresentationTypeStaticName" Value="186b4981-e5c0-407b-a6c5-8fa51e814e31" Type="String" />
      <Value Key="UseForList" Value="True" Type="Boolean" />
      <Value Key="ListContentTypeStaticName" Value="186b4981-e5c0-407b-a6c5-8fa51e814e31" Type="String" />
      <Value Key="ListPresentationTypeStaticName" Value="186b4981-e5c0-407b-a6c5-8fa51e814e31" Type="String" />
      <Value Key="PublishData" Value="False" Type="Boolean" />
    </Entity>
    <Entity AssignmentObjectType="Default" AttributeSetStaticName="186b4981-e5c0-407b-a6c5-8fa51e814e31" AttributeSetName="goedomteweten" EntityGUID="d446f5cd-516d-4d47-8158-c57acda8f22b">
      <Value Key="Icon" Value="location-arrow" Type="String" />
      <Value Key="Titel" Value="Indoor &amp; outdoor" Type="String" />
      <Value Key="Linktekst" Value="" Type="String" />
      <Value Key="Text" Value="&lt;p&gt;Bij ons kan je zowel binnen als buiten skirmen (schieten op elkaar in teamverband).. bij mooi weer is buiten heerlijk, maar bij regen word je nat! Binnen is intenser, maar ook wat pijnlijker.. de keuze is aan jou! &lt;/p&gt;" Type="String" />
      <Value Key="Link" Value="" Type="Hyperlink" />
    </Entity>
    <Entity AssignmentObjectType="Default" AttributeSetStaticName="186b4981-e5c0-407b-a6c5-8fa51e814e31" AttributeSetName="goedomteweten" EntityGUID="479391e4-705c-4c28-934e-97ab1764e09a">
      <Value Key="Icon" Value="circle" Type="String" />
      <Value Key="Titel" Value="BB's (balletjes waar we mee schieten)" Type="String" />
      <Value Key="Linktekst" Value="" Type="String" />
      <Value Key="Text" Value="&lt;p&gt;Indoor schiet je alleen semi-automatisch en krijg je onbeperkt munitie, buiten mag je ook vol-automatisch schieten, als je bb's op zijn koop je tegen inkoopsprijs extra bij!&lt;/p&gt;" Type="String" />
      <Value Key="Link" Value="" Type="Hyperlink" />
    </Entity>
    <Entity AssignmentObjectType="Default" AttributeSetStaticName="186b4981-e5c0-407b-a6c5-8fa51e814e31" AttributeSetName="goedomteweten" EntityGUID="4cffda6b-e912-44b3-b613-c1e82c73b0e3">
      <Value Key="Icon" Value="medkit" Type="String" />
      <Value Key="Titel" Value="Safetybriefing &amp; replica uitleg" Type="String" />
      <Value Key="Linktekst" Value="Lees meer" Type="String" />
      <Value Key="Text" Value="&lt;p&gt;Wij starten altijd 15 minuten voor aanvang met de safetybriefing, het is een extreme sport en dus niet zonder gevaar... Daarna checken we samen hoe de replica's werken en schieten we even in op de doelen die er hangen!&lt;/p&gt;" Type="String" />
      <Value Key="Link" Value="/Veiligheid" Type="Hyperlink" />
    </Entity>
    <Entity AssignmentObjectType="Default" AttributeSetStaticName="186b4981-e5c0-407b-a6c5-8fa51e814e31" AttributeSetName="goedomteweten" EntityGUID="8213291e-8954-4217-bd83-27f670da46ee">
      <Value Key="Icon" Value="beer" Type="String" />
      <Value Key="Titel" Value="Nakletsen" Type="String" />
      <Value Key="Linktekst" Value="Lees meer" Type="String" />
      <Value Key="Text" Value="&lt;p&gt;Na afloop sta je zwetend en dampend aan de bar. Tijd voor een drankje, hapje en grote verhalen. Inchecken op Fbook? Had je daar tijd voor dan?&lt;/p&gt;" Type="String" />
      <Value Key="Link" Value="/Nakletsen" Type="Hyperlink" />
    </Entity>
    <Entity AssignmentObjectType="Default" AttributeSetStaticName="186b4981-e5c0-407b-a6c5-8fa51e814e31" AttributeSetName="goedomteweten" EntityGUID="ea269415-b82d-4390-99bc-6b41c0e5948e">
      <Value Key="Icon" Value="users" Type="String" />
      <Value Key="Titel" Value="Groepen" Type="String" />
      <Value Key="Linktekst" Value="" Type="String" />
      <Value Key="Text" Value="&lt;p&gt;Vanaf 6 personen is het mogelijk om indoor te spelen. Voor de outdoor arena is een minimum van 10 personen nodig om te spelen!&amp;nbsp;&lt;/p&gt;" Type="String" />
      <Value Key="Link" Value="" Type="Hyperlink" />
    </Entity>
    <Entity AssignmentObjectType="Default" AttributeSetStaticName="186b4981-e5c0-407b-a6c5-8fa51e814e31" AttributeSetName="goedomteweten" EntityGUID="b58097ec-3fd5-4531-a65e-e2802a9a358b">
      <Value Key="Icon" Value="medkit" Type="String" />
      <Value Key="Titel" Value="Veiligheid" Type="String" />
      <Value Key="Linktekst" Value="Meer info" Type="String" />
      <Value Key="Text" Value="&lt;p&gt;Airsoft is niet voor watjes, het zijn maar balletjes maar met 400 km/h is het oppassen. Vandaar dat wij er alles aan doen om het veilig en plezierig te laten verlopen!&lt;/p&gt;" Type="String" />
      <Value Key="Link" Value="/Veiligheid" Type="Hyperlink" />
    </Entity>
    <Entity AssignmentObjectType="Default" AttributeSetStaticName="186b4981-e5c0-407b-a6c5-8fa51e814e31" AttributeSetName="goedomteweten" EntityGUID="de4ebda1-7cd6-4e2f-8f9e-cbcd22a6790a">
      <Value Key="Icon" Value="list" Type="String" />
      <Value Key="Titel" Value="FPS &amp; rifle types" Type="String" />
      <Value Key="Linktekst" Value="" Type="String" />
      <Value Key="Text" Value="&lt;p&gt;Indoor alles max. 360 fps, outdoor pistol, assault, DMR en sniper rifle conform NABV regels... BEHAVE!&lt;/p&gt;" Type="String" />
      <Value Key="Link" Value="" Type="Hyperlink" />
    </Entity>
    <Entity AssignmentObjectType="Default" AttributeSetStaticName="186b4981-e5c0-407b-a6c5-8fa51e814e31" AttributeSetName="goedomteweten" EntityGUID="1a7cb515-a394-407a-99c6-aaba6f6a8ff8">
      <Value Key="Icon" Value="trophy" Type="String" />
      <Value Key="Titel" Value="Games &amp; paketten" Type="String" />
      <Value Key="Linktekst" Value="Lees meer" Type="String" />
      <Value Key="Text" Value="&lt;p&gt;Afhankelijk van de tijd die jullie hebben, zijn er verschillende games en paketten.. Arcade, Tactical &amp;amp; Special forces..&lt;/p&gt;" Type="String" />
      <Value Key="Link" Value="/Games-company" Type="Hyperlink" />
    </Entity>
    <Entity AssignmentObjectType="Default" AttributeSetStaticName="186b4981-e5c0-407b-a6c5-8fa51e814e31" AttributeSetName="goedomteweten" EntityGUID="02718558-0bfd-42ee-ade4-ad5e5f8e05e7">
      <Value Key="Icon" Value="beer" Type="String" />
      <Value Key="Titel" Value="Nakletsen" Type="String" />
      <Value Key="Linktekst" Value="Lees meer" Type="String" />
      <Value Key="Text" Value="&lt;p&gt;Na een uur sta je te stuiteren. Tijd voor een drankje, hapje en grote verhalen. Inchecken op Fbook.. had je daar tijd voor? &lt;/p&gt;" Type="String" />
      <Value Key="Link" Value="/Nakletsen-company" Type="Hyperlink" />
    </Entity>
    <Entity AssignmentObjectType="Default" AttributeSetStaticName="186b4981-e5c0-407b-a6c5-8fa51e814e31" AttributeSetName="goedomteweten" EntityGUID="a21c5134-85d8-468b-bb7a-542f715eb2c9">
      <Value Key="Icon" Value="black-tie" Type="String" />
      <Value Key="Titel" Value="Gentlemen &amp; shooting rulez" Type="String" />
      <Value Key="Linktekst" Value="" Type="String" />
      <Value Key="Text" Value="&lt;p&gt;Discussieren doe je thuis, Marshall is always right, Dead man don't talk or shoot, Hit is hit, geen blindfire, sorry is not the hardest word.. BEHAVE!&lt;/p&gt;" Type="String" />
      <Value Key="Link" Value="" Type="Hyperlink" />
    </Entity>
    <Entity AssignmentObjectType="Default" AttributeSetStaticName="186b4981-e5c0-407b-a6c5-8fa51e814e31" AttributeSetName="goedomteweten" EntityGUID="d8834bca-beed-4c1d-b68c-de90a910caa7">
      <Value Key="Icon" Value="arrows-h" Type="String" />
      <Value Key="Titel" Value="Pang regel" Type="String" />
      <Value Key="Linktekst" Value="" Type="String" />
      <Value Key="Text" Value="&lt;p&gt;Indoor &amp;amp; outdoor binnen 3 meter is pang, binnen 5 meter i.i.g. niet op het hoofd.. BEHAVE!&lt;/p&gt;" Type="String" />
      <Value Key="Link" Value="" Type="Hyperlink" />
    </Entity>
    <Entity AssignmentObjectType="Default" AttributeSetStaticName="186b4981-e5c0-407b-a6c5-8fa51e814e31" AttributeSetName="goedomteweten" EntityGUID="1d19be54-3cf3-4e3a-b013-2f34e5b5aeec">
      <Value Key="Icon" Value="circle" Type="String" />
      <Value Key="Titel" Value="BB's" Type="String" />
      <Value Key="Linktekst" Value="" Type="String" />
      <Value Key="Text" Value="&lt;p&gt;Outdoor BIO only, Indoor non BIO ook goed.. Geen glazen, metalen etc. BEHAVE!&lt;/p&gt;" Type="String" />
      <Value Key="Link" Value="" Type="Hyperlink" />
    </Entity>
    <Entity AssignmentObjectType="Default" AttributeSetStaticName="186b4981-e5c0-407b-a6c5-8fa51e814e31" AttributeSetName="goedomteweten" EntityGUID="ad0f4532-7138-492e-92dc-92ba03e6a0ef">
      <Value Key="Icon" Value="users" Type="String" />
      <Value Key="Titel" Value="Groepen" Type="String" />
      <Value Key="Linktekst" Value="" Type="String" />
      <Value Key="Text" Value="&lt;p&gt;Vanaf 6 personen is het mogelijk om indoor te spelen, wij kunnen maximaal 20 tot 30 kids tegelijkertijd laten spelen. Helaas is buiten nog niet mogelijk!&lt;/p&gt;" Type="String" />
      <Value Key="Link" Value="" Type="Hyperlink" />
    </Entity>
    <Entity AssignmentObjectType="Default" AttributeSetStaticName="186b4981-e5c0-407b-a6c5-8fa51e814e31" AttributeSetName="goedomteweten" EntityGUID="290f4045-7873-4416-b951-3b2ceb03a161">
      <Value Key="Icon" Value="medkit" Type="String" />
      <Value Key="Titel" Value="Veiligheid" Type="String" />
      <Value Key="Linktekst" Value="Meer info" Type="String" />
      <Value Key="Text" Value="&lt;p&gt;Voor zowel Nerf als Airsoft in de leeftijdscategorie 6 tot 14 jaar is enkel een veiligheidsbril verplicht!&lt;/p&gt;" Type="String" />
      <Value Key="Link" Value="Veiligheid-kids" Type="Hyperlink" />
    </Entity>
    <Entity AssignmentObjectType="Default" AttributeSetStaticName="186b4981-e5c0-407b-a6c5-8fa51e814e31" AttributeSetName="goedomteweten" EntityGUID="1c44bad1-f80c-46ee-9d34-ace88d531507">
      <Value Key="Icon" Value="trophy" Type="String" />
      <Value Key="Titel" Value="Games" Type="String" />
      <Value Key="Linktekst" Value="" Type="String" />
      <Value Key="Text" Value="&lt;p&gt;Tijdens de kinderfeestjes worden verschillende games gespeeld, capture the flag, zombie game, search &amp;amp; destroy, the hunger games teveel om op te noemen!&lt;/p&gt;" Type="String" />
      <Value Key="Link" Value="" Type="Hyperlink" />
    </Entity>
    <Entity AssignmentObjectType="Default" AttributeSetStaticName="186b4981-e5c0-407b-a6c5-8fa51e814e31" AttributeSetName="goedomteweten" EntityGUID="8b5193a3-89fc-4933-ae1e-6b0b07583ef1">
      <Value Key="Icon" Value="beer" Type="String" />
      <Value Key="Titel" Value="Nakletsen" Type="String" />
      <Value Key="Linktekst" Value="Meer info" Type="String" />
      <Value Key="Text" Value="&lt;p&gt;Na de game sta je te stuiteren. Tijd voor wat suikers, limonade, iets te snoepen en grote verhalen vertellen. Uiteraard hoort taart of iets te eten ook tot de mogelijkheden!&lt;/p&gt;" Type="String" />
      <Value Key="Link" Value="/Nakletsen-kids" Type="Hyperlink" />
    </Entity>
    <Entity AssignmentObjectType="Default" AttributeSetStaticName="186b4981-e5c0-407b-a6c5-8fa51e814e31" AttributeSetName="goedomteweten" EntityGUID="ff0cff66-56c6-46c9-923d-bfea7993af72">
      <Value Key="Icon" Value="users" Type="String" />
      <Value Key="Titel" Value="Groepen" Type="String" />
      <Value Key="Linktekst" Value="" Type="String" />
      <Value Key="Text" Value="&lt;p&gt;Vanaf 6 personen is het mogelijk om indoor Nerf te spelen. Het maximaal aantal tegelijkertijd spelende Nerf'ers is 20. Helaas is het outdoor nog niet mogelijk!&amp;nbsp;&lt;/p&gt;" Type="String" />
      <Value Key="Link" Value="" Type="Hyperlink" />
    </Entity>
    <Entity AssignmentObjectType="Default" AttributeSetStaticName="186b4981-e5c0-407b-a6c5-8fa51e814e31" AttributeSetName="goedomteweten" EntityGUID="0aa0d31b-98c4-4bf3-908a-3e5a96f66358">
      <Value Key="Icon" Value="medkit" Type="String" />
      <Value Key="Titel" Value="Veiligheid" Type="String" />
      <Value Key="Linktekst" Value="Lees meer" Type="String" />
      <Value Key="Text" Value="&lt;p&gt;Nerf is natuurlijk helemaal veilig, wel doen wij er alles aan om het voor iedereen een leuke ervaring te laten zijn en de veiligheidsbril is verplicht!&lt;/p&gt;" Type="String" />
      <Value Key="Link" Value="/Veiligheid-kids" Type="Hyperlink" />
    </Entity>
    <Entity AssignmentObjectType="Default" AttributeSetStaticName="186b4981-e5c0-407b-a6c5-8fa51e814e31" AttributeSetName="goedomteweten" EntityGUID="2b7b9f00-0128-4d29-b96b-0348f7f36d85">
      <Value Key="Icon" Value="trophy" Type="String" />
      <Value Key="Titel" Value="Games" Type="String" />
      <Value Key="Linktekst" Value="" Type="String" />
      <Value Key="Text" Value="&lt;p&gt;We spelen verschillende games, denk aan capture the flag, team death match, de zombie game en de hunger games.. Net als in de film en op de playstation, maar nu speel jij de hoofdrol!&lt;/p&gt;" Type="String" />
      <Value Key="Link" Value="" Type="Hyperlink" />
    </Entity>
    <Entity AssignmentObjectType="Default" AttributeSetStaticName="186b4981-e5c0-407b-a6c5-8fa51e814e31" AttributeSetName="goedomteweten" EntityGUID="9a5e6789-20f4-41d0-a4aa-3d32e66e97fd">
      <Value Key="Icon" Value="beer" Type="String" />
      <Value Key="Titel" Value="Nakletsen" Type="String" />
      <Value Key="Linktekst" Value="Lees meer" Type="String" />
      <Value Key="Text" Value="&lt;p&gt;Na een uur sta je te stuiteren. Tijd voor een drankje, iets te snoepen en grote verhalen. Aansluitend ook nog wat eten of taart? Alles kan!&lt;/p&gt;" Type="String" />
      <Value Key="Link" Value="/Nakletsen-kids" Type="Hyperlink" />
    </Entity>
  </Entities>
  <PortalFiles />
  <PortalFolders>
    <Folder Id="1587" RelativePath="adam/Goed om te weten/" />
  </PortalFolders>
</SexyContent>