<?xml version="1.0" encoding="utf-8" standalone="yes"?>
<SexyContent FileVersion="07.00.00" MinimumRequiredVersion="07.00.00" ModuleVersion="09.02.00" ExportDate="2017-12-01T14:55:46.0885931+01:00">
  <Header>
    <App Guid="2e9cee25-80dd-48fb-b042-d2ed63478204" />
    <Language Default="nl-NL" />
    <Dimensions />
  </Header>
  <AttributeSets>
    <AttributeSet StaticName="App-Resources" Name="App-Resources" Description="Stores resources like translations for an app" Scope="2SexyContent-App" AlwaysShareConfiguration="false">
      <Attributes />
    </AttributeSet>
    <AttributeSet StaticName="App-Settings" Name="App-Settings" Description="Stores settings for an app" Scope="2SexyContent-App" AlwaysShareConfiguration="false">
      <Attributes />
    </AttributeSet>
    <AttributeSet StaticName="28505266-cf76-4118-9ce8-61eea1ee7638" Name="Testimonials-Airsoft" Description="Testimonials-Airsoft" Scope="2SexyContent" AlwaysShareConfiguration="false">
      <Attributes>
        <Attribute StaticName="Quote1" Type="String" IsTitle="true">
          <Entity AssignmentObjectType="EAV Field Properties" AttributeSetStaticName="@All" AttributeSetName="@All" EntityGUID="e351587a-0838-4ad5-b054-ef219fa9d8cd" KeyNumber="556">
            <Value Key="VisibleInEditUI" Value="True" Type="Boolean" />
            <Value Key="Name" Value="Quote" Type="String" />
            <Value Key="InputType" Value="string-default" Type="String" />
          </Entity>
        </Attribute>
        <Attribute StaticName="Image1" Type="Hyperlink" IsTitle="true">
          <Entity AssignmentObjectType="EAV Field Properties" AttributeSetStaticName="@All" AttributeSetName="@All" EntityGUID="c065ceca-91dc-489d-84f2-26e3566d9c04" KeyNumber="557">
            <Value Key="VisibleInEditUI" Value="True" Type="Boolean" />
            <Value Key="Name" Value="Image" Type="String" />
            <Value Key="InputType" Value="hyperlink-default" Type="String" />
          </Entity>
        </Attribute>
        <Attribute StaticName="Quote2" Type="String" IsTitle="true">
          <Entity AssignmentObjectType="EAV Field Properties" AttributeSetStaticName="@All" AttributeSetName="@All" EntityGUID="bddbfdee-b96b-4cdd-b744-5ac992f24a00" KeyNumber="558">
            <Value Key="VisibleInEditUI" Value="True" Type="Boolean" />
            <Value Key="Name" Value="Quote2" Type="String" />
            <Value Key="InputType" Value="string-default" Type="String" />
          </Entity>
        </Attribute>
        <Attribute StaticName="Quote3" Type="String" IsTitle="true">
          <Entity AssignmentObjectType="EAV Field Properties" AttributeSetStaticName="@All" AttributeSetName="@All" EntityGUID="fbeb5d63-e44e-46b4-8ddd-32ca166794f9" KeyNumber="559">
            <Value Key="VisibleInEditUI" Value="True" Type="Boolean" />
            <Value Key="Name" Value="Quote3" Type="String" />
            <Value Key="InputType" Value="string-default" Type="String" />
          </Entity>
        </Attribute>
        <Attribute StaticName="Quote4" Type="String" IsTitle="true">
          <Entity AssignmentObjectType="EAV Field Properties" AttributeSetStaticName="@All" AttributeSetName="@All" EntityGUID="bbf5256e-8113-4708-a38d-8f10f3e1f0a9" KeyNumber="560">
            <Value Key="VisibleInEditUI" Value="True" Type="Boolean" />
            <Value Key="Name" Value="Quote4" Type="String" />
            <Value Key="InputType" Value="string-default" Type="String" />
          </Entity>
        </Attribute>
        <Attribute StaticName="Quote5" Type="String" IsTitle="true">
          <Entity AssignmentObjectType="EAV Field Properties" AttributeSetStaticName="@All" AttributeSetName="@All" EntityGUID="e2599a23-74c1-4444-809c-c0e602f08792" KeyNumber="561">
            <Value Key="VisibleInEditUI" Value="True" Type="Boolean" />
            <Value Key="Name" Value="Quote5" Type="String" />
            <Value Key="InputType" Value="string-default" Type="String" />
          </Entity>
        </Attribute>
        <Attribute StaticName="Image2" Type="Hyperlink" IsTitle="true">
          <Entity AssignmentObjectType="EAV Field Properties" AttributeSetStaticName="@All" AttributeSetName="@All" EntityGUID="72cef01f-65ec-4079-b2c5-5d51b43df1ab" KeyNumber="562">
            <Value Key="VisibleInEditUI" Value="True" Type="Boolean" />
            <Value Key="Name" Value="Image2" Type="String" />
            <Value Key="InputType" Value="hyperlink-default" Type="String" />
          </Entity>
        </Attribute>
        <Attribute StaticName="Image3" Type="Hyperlink" IsTitle="true">
          <Entity AssignmentObjectType="EAV Field Properties" AttributeSetStaticName="@All" AttributeSetName="@All" EntityGUID="22fc08f3-771b-44b5-af99-bb9c82dd6dcc" KeyNumber="563">
            <Value Key="VisibleInEditUI" Value="True" Type="Boolean" />
            <Value Key="Name" Value="Image3" Type="String" />
            <Value Key="InputType" Value="hyperlink-default" Type="String" />
          </Entity>
        </Attribute>
        <Attribute StaticName="Image4" Type="Hyperlink" IsTitle="true">
          <Entity AssignmentObjectType="EAV Field Properties" AttributeSetStaticName="@All" AttributeSetName="@All" EntityGUID="4978b921-81d0-4852-b497-6452c52b7877" KeyNumber="564">
            <Value Key="VisibleInEditUI" Value="True" Type="Boolean" />
            <Value Key="Name" Value="Image4" Type="String" />
            <Value Key="InputType" Value="hyperlink-default" Type="String" />
          </Entity>
        </Attribute>
        <Attribute StaticName="Image5" Type="Hyperlink" IsTitle="true">
          <Entity AssignmentObjectType="EAV Field Properties" AttributeSetStaticName="@All" AttributeSetName="@All" EntityGUID="a3e2f1b4-a4a2-4c5b-96bb-4e36478c00d1" KeyNumber="565">
            <Value Key="VisibleInEditUI" Value="True" Type="Boolean" />
            <Value Key="Name" Value="Image5" Type="String" />
            <Value Key="InputType" Value="hyperlink-default" Type="String" />
          </Entity>
        </Attribute>
      </Attributes>
    </AttributeSet>
  </AttributeSets>
  <Entities>
    <Entity AssignmentObjectType="App" AttributeSetStaticName="2SexyContent-App" AttributeSetName="2SexyContent-App" EntityGUID="9b78b14c-3564-401a-adef-73111945f307" KeyNumber="13">
      <Value Key="DisplayName" Value="Testimonials" Type="String" />
      <Value Key="Folder" Value="Testimonials" Type="String" />
      <Value Key="AllowTokenTemplates" Value="False" Type="Boolean" />
      <Value Key="AllowRazorTemplates" Value="False" Type="Boolean" />
      <Value Key="Version" Value="00.00.01" Type="String" />
      <Value Key="OriginalId" Value="" Type="String" />
    </Entity>
    <Entity AssignmentObjectType="App" AttributeSetStaticName="App-Settings" AttributeSetName="App-Settings" EntityGUID="13da90d3-085a-4ac3-9a38-d4c050f8a1da" KeyNumber="13" />
    <Entity AssignmentObjectType="App" AttributeSetStaticName="App-Resources" AttributeSetName="App-Resources" EntityGUID="0256223f-d10c-41ee-a0b7-de333601370c" KeyNumber="13" />
    <Entity AssignmentObjectType="Default" AttributeSetStaticName="2SexyContent-Template" AttributeSetName="2SexyContent-Template" EntityGUID="9947e616-f62b-49eb-8f6b-543ca3fb4003">
      <Value Key="Name" Value="Testimonials-Airsoft" Type="String" />
      <Value Key="ViewNameInUrl" Value="" Type="String" />
      <Value Key="Type" Value="Token" Type="String" />
      <Value Key="Location" Value="Portal File System" Type="String" />
      <Value Key="StreamsToPublish" Value="" Type="String" />
      <Value Key="IsHidden" Value="False" Type="Boolean" />
      <Value Key="Path" Value="Testimonials-Airsoft.html" Type="String" />
      <Value Key="ContentTypeStaticName" Value="28505266-cf76-4118-9ce8-61eea1ee7638" Type="String" />
      <Value Key="PresentationTypeStaticName" Value="28505266-cf76-4118-9ce8-61eea1ee7638" Type="String" />
      <Value Key="UseForList" Value="True" Type="Boolean" />
      <Value Key="ListContentTypeStaticName" Value="28505266-cf76-4118-9ce8-61eea1ee7638" Type="String" />
      <Value Key="ListPresentationTypeStaticName" Value="28505266-cf76-4118-9ce8-61eea1ee7638" Type="String" />
      <Value Key="PublishData" Value="False" Type="Boolean" />
      <Value Key="ContentDemoEntity" Value="7bca9f05-13c9-4f2a-ba52-3e97a94b88f8" Type="Entity" />
      <Value Key="PresentationDemoEntity" Value="7bca9f05-13c9-4f2a-ba52-3e97a94b88f8" Type="Entity" />
      <Value Key="ListContentDemoEntity" Value="7bca9f05-13c9-4f2a-ba52-3e97a94b88f8" Type="Entity" />
      <Value Key="ListPresentationDemoEntity" Value="7bca9f05-13c9-4f2a-ba52-3e97a94b88f8" Type="Entity" />
    </Entity>
  </Entities>
  <PortalFiles>
    <File Id="4751" RelativePath="adam\Testimonials\BZ_Ke8kTKk-6Uj6XqUuI-A\Image\Jelle.jpg" />
    <File Id="5757" RelativePath="adam\Testimonials\FFbU3mhnAkqir28pycIujQ\Image1\profileimage.jpg" />
    <File Id="4753" RelativePath="adam\Testimonials\vDF2hF12Fk-q7xlutyCSTw\Image2\Linda.png" />
    <File Id="5758" RelativePath="adam\Testimonials\ZXMPvOfwDUOXBEYr9WLBaQ\Image1\WIN_20150630_113455.JPG" />
  </PortalFiles>
  <PortalFolders>
    <Folder Id="1212" RelativePath="adam/Testimonials/BZ_Ke8kTKk-6Uj6XqUuI-A/Image/" />
    <Folder Id="1344" RelativePath="adam/Testimonials/FFbU3mhnAkqir28pycIujQ/Image1/" />
    <Folder Id="1214" RelativePath="adam/Testimonials/vDF2hF12Fk-q7xlutyCSTw/Image2/" />
    <Folder Id="1346" RelativePath="adam/Testimonials/ZXMPvOfwDUOXBEYr9WLBaQ/Image1/" />
    <Folder Id="1210" RelativePath="adam/Testimonials/" />
    <Folder Id="1211" RelativePath="adam/Testimonials/BZ_Ke8kTKk-6Uj6XqUuI-A/" />
    <Folder Id="1343" RelativePath="adam/Testimonials/FFbU3mhnAkqir28pycIujQ/" />
    <Folder Id="1213" RelativePath="adam/Testimonials/vDF2hF12Fk-q7xlutyCSTw/" />
    <Folder Id="1345" RelativePath="adam/Testimonials/ZXMPvOfwDUOXBEYr9WLBaQ/" />
  </PortalFolders>
</SexyContent>