<?xml version="1.0" encoding="utf-8" standalone="yes"?>
<SexyContent FileVersion="07.00.00" MinimumRequiredVersion="07.00.00" ModuleVersion="09.02.00" ExportDate="2017-12-01T14:55:17.1002206+01:00">
  <Header>
    <App Guid="6972ba47-57ad-4a7f-8592-256e91aa828a" />
    <Language Default="nl-NL" />
    <Dimensions />
  </Header>
  <AttributeSets>
    <AttributeSet StaticName="App-Resources" Name="App-Resources" Description="Stores resources like translations for an app" Scope="2SexyContent-App" AlwaysShareConfiguration="false">
      <Attributes />
    </AttributeSet>
    <AttributeSet StaticName="App-Settings" Name="App-Settings" Description="Stores settings for an app" Scope="2SexyContent-App" AlwaysShareConfiguration="false">
      <Attributes />
    </AttributeSet>
    <AttributeSet StaticName="7f96cf2c-8072-4125-a9f3-b02b2625db43" Name="Quoteslider" Description="Quoteslider" Scope="2SexyContent" AlwaysShareConfiguration="false">
      <Attributes>
        <Attribute StaticName="Quote" Type="String" IsTitle="true">
          <Entity AssignmentObjectType="EAV Field Properties" AttributeSetStaticName="@All" AttributeSetName="@All" EntityGUID="2d5daca7-0daa-400b-91de-c162b170ac6c" KeyNumber="656">
            <Value Key="VisibleInEditUI" Value="True" Type="Boolean" />
            <Value Key="Name" Value="Quote" Type="String" />
            <Value Key="InputType" Value="string-wysiwyg" Type="String" />
          </Entity>
        </Attribute>
      </Attributes>
    </AttributeSet>
  </AttributeSets>
  <Entities>
    <Entity AssignmentObjectType="App" AttributeSetStaticName="2SexyContent-App" AttributeSetName="2SexyContent-App" EntityGUID="9b9f41d8-f50e-430e-abe8-51662dcc6994" KeyNumber="21">
      <Value Key="DisplayName" Value="Quoteslider" Type="String" />
      <Value Key="Folder" Value="Quoteslider" Type="String" />
      <Value Key="AllowTokenTemplates" Value="False" Type="Boolean" />
      <Value Key="AllowRazorTemplates" Value="False" Type="Boolean" />
      <Value Key="Version" Value="00.00.01" Type="String" />
      <Value Key="OriginalId" Value="" Type="String" />
    </Entity>
    <Entity AssignmentObjectType="App" AttributeSetStaticName="App-Settings" AttributeSetName="App-Settings" EntityGUID="6aad5dc4-37d4-4397-bcd9-32adfe5cf6b0" KeyNumber="21" />
    <Entity AssignmentObjectType="App" AttributeSetStaticName="App-Resources" AttributeSetName="App-Resources" EntityGUID="19e1af80-89e0-423c-8f2e-bdc2334ba3e2" KeyNumber="21" />
    <Entity AssignmentObjectType="Default" AttributeSetStaticName="2SexyContent-Template" AttributeSetName="2SexyContent-Template" EntityGUID="58686458-2492-48a8-9b78-c9282145b7f2">
      <Value Key="Name" Value="Quoteslider" Type="String" />
      <Value Key="ViewNameInUrl" Value="" Type="String" />
      <Value Key="Type" Value="Token" Type="String" />
      <Value Key="Location" Value="Portal File System" Type="String" />
      <Value Key="StreamsToPublish" Value="" Type="String" />
      <Value Key="IsHidden" Value="False" Type="Boolean" />
      <Value Key="Path" Value="quoteslider.html" Type="String" />
      <Value Key="ContentTypeStaticName" Value="7f96cf2c-8072-4125-a9f3-b02b2625db43" Type="String" />
      <Value Key="PresentationTypeStaticName" Value="7f96cf2c-8072-4125-a9f3-b02b2625db43" Type="String" />
      <Value Key="UseForList" Value="True" Type="Boolean" />
      <Value Key="ListContentTypeStaticName" Value="7f96cf2c-8072-4125-a9f3-b02b2625db43" Type="String" />
      <Value Key="ListPresentationTypeStaticName" Value="7f96cf2c-8072-4125-a9f3-b02b2625db43" Type="String" />
      <Value Key="PublishData" Value="False" Type="Boolean" />
    </Entity>
  </Entities>
  <PortalFiles />
  <PortalFolders>
    <Folder Id="1588" RelativePath="adam/Quoteslider/" />
  </PortalFolders>
</SexyContent>