<?xml version="1.0" encoding="utf-8" standalone="yes"?>
<SexyContent FileVersion="07.00.00" MinimumRequiredVersion="07.00.00" ModuleVersion="09.02.00" ExportDate="2017-12-01T14:54:28.7532927+01:00">
  <Header>
    <App Guid="693d56df-5adf-45b6-b4fa-5b93fe433968" />
    <Language Default="nl-NL" />
    <Dimensions />
  </Header>
  <AttributeSets>
    <AttributeSet StaticName="App-Resources" Name="App-Resources" Description="Stores resources like translations for an app" Scope="2SexyContent-App" AlwaysShareConfiguration="false">
      <Attributes />
    </AttributeSet>
    <AttributeSet StaticName="App-Settings" Name="App-Settings" Description="Stores settings for an app" Scope="2SexyContent-App" AlwaysShareConfiguration="false">
      <Attributes />
    </AttributeSet>
    <AttributeSet StaticName="2ef7fc20-dd26-46bb-bf3e-a95156c67fa7" Name="Badge-Airsoft" Description="Badge-Airsoft" Scope="2SexyContent" AlwaysShareConfiguration="false">
      <Attributes>
        <Attribute StaticName="Icon" Type="String" IsTitle="true">
          <Entity AssignmentObjectType="EAV Field Properties" AttributeSetStaticName="@All" AttributeSetName="@All" EntityGUID="07d10841-c18c-480e-b5a8-254bc2319730" KeyNumber="577">
            <Value Key="VisibleInEditUI" Value="True" Type="Boolean" />
            <Value Key="Name" Value="Icon" Type="String" />
            <Value Key="InputType" Value="string-font-icon-picker" Type="String" />
          </Entity>
        </Attribute>
        <Attribute StaticName="Titel" Type="String" IsTitle="true">
          <Entity AssignmentObjectType="EAV Field Properties" AttributeSetStaticName="@All" AttributeSetName="@All" EntityGUID="247dec98-c110-4125-89cd-3c3a17fa19bf" KeyNumber="578">
            <Value Key="VisibleInEditUI" Value="True" Type="Boolean" />
            <Value Key="Name" Value="Titel" Type="String" />
            <Value Key="InputType" Value="string-default" Type="String" />
          </Entity>
        </Attribute>
        <Attribute StaticName="Teaser" Type="String" IsTitle="true">
          <Entity AssignmentObjectType="EAV Field Properties" AttributeSetStaticName="@All" AttributeSetName="@All" EntityGUID="bdb7f01d-6527-4996-b037-37fc83859416" KeyNumber="579">
            <Value Key="VisibleInEditUI" Value="True" Type="Boolean" />
            <Value Key="Name" Value="Teaser" Type="String" />
            <Value Key="InputType" Value="string-default" Type="String" />
          </Entity>
        </Attribute>
        <Attribute StaticName="Link-titel" Type="String" IsTitle="true">
          <Entity AssignmentObjectType="EAV Field Properties" AttributeSetStaticName="@All" AttributeSetName="@All" EntityGUID="ae57ce63-c6e5-4601-86f5-5c37cf653d5c" KeyNumber="580">
            <Value Key="VisibleInEditUI" Value="True" Type="Boolean" />
            <Value Key="Name" Value="Link-titel" Type="String" />
            <Value Key="InputType" Value="string-default" Type="String" />
          </Entity>
        </Attribute>
        <Attribute StaticName="Link" Type="Hyperlink" IsTitle="true">
          <Entity AssignmentObjectType="EAV Field Properties" AttributeSetStaticName="@All" AttributeSetName="@All" EntityGUID="976b8d74-d204-4b50-903e-940b84a7bcb7" KeyNumber="581">
            <Value Key="VisibleInEditUI" Value="True" Type="Boolean" />
            <Value Key="Name" Value="Link" Type="String" />
            <Value Key="InputType" Value="hyperlink-default" Type="String" />
          </Entity>
        </Attribute>
      </Attributes>
    </AttributeSet>
  </AttributeSets>
  <Entities>
    <Entity AssignmentObjectType="App" AttributeSetStaticName="2SexyContent-App" AttributeSetName="2SexyContent-App" EntityGUID="19904d96-aeb2-4ca6-934a-8db19679fffb" KeyNumber="16">
      <Value Key="DisplayName" Value="Badge-Airsoft" Type="String" />
      <Value Key="Folder" Value="Badge-Airsoft" Type="String" />
      <Value Key="AllowTokenTemplates" Value="False" Type="Boolean" />
      <Value Key="AllowRazorTemplates" Value="False" Type="Boolean" />
      <Value Key="Version" Value="00.00.01" Type="String" />
      <Value Key="OriginalId" Value="" Type="String" />
    </Entity>
    <Entity AssignmentObjectType="App" AttributeSetStaticName="App-Settings" AttributeSetName="App-Settings" EntityGUID="25067598-dff3-4976-8e92-15f0e975b72f" KeyNumber="16" />
    <Entity AssignmentObjectType="App" AttributeSetStaticName="App-Resources" AttributeSetName="App-Resources" EntityGUID="e977798c-a880-4480-893f-12b632c2e5e5" KeyNumber="16" />
    <Entity AssignmentObjectType="Default" AttributeSetStaticName="2SexyContent-Template" AttributeSetName="2SexyContent-Template" EntityGUID="7a6ec8dc-85af-4627-aeb2-eab95c26c0eb">
      <Value Key="Name" Value="Badge-Airsoft" Type="String" />
      <Value Key="ViewNameInUrl" Value="" Type="String" />
      <Value Key="Type" Value="Token" Type="String" />
      <Value Key="Location" Value="Portal File System" Type="String" />
      <Value Key="StreamsToPublish" Value="" Type="String" />
      <Value Key="IsHidden" Value="False" Type="Boolean" />
      <Value Key="Path" Value="Badge-Airsoft.html" Type="String" />
      <Value Key="ContentTypeStaticName" Value="2ef7fc20-dd26-46bb-bf3e-a95156c67fa7" Type="String" />
      <Value Key="PresentationTypeStaticName" Value="2ef7fc20-dd26-46bb-bf3e-a95156c67fa7" Type="String" />
      <Value Key="UseForList" Value="True" Type="Boolean" />
      <Value Key="ListContentTypeStaticName" Value="2ef7fc20-dd26-46bb-bf3e-a95156c67fa7" Type="String" />
      <Value Key="ListPresentationTypeStaticName" Value="2ef7fc20-dd26-46bb-bf3e-a95156c67fa7" Type="String" />
      <Value Key="PublishData" Value="False" Type="Boolean" />
    </Entity>
    <Entity AssignmentObjectType="Default" AttributeSetStaticName="2ef7fc20-dd26-46bb-bf3e-a95156c67fa7" AttributeSetName="Badge-Airsoft" EntityGUID="f5445811-2143-4367-893b-2654b6cb7238">
      <Value Key="Icon" Value="id-card-o" Type="String" />
      <Value Key="Titel" Value="NABV" Type="String" />
      <Value Key="Teaser" Value="Because life's about kickin' ass not kissin' it! &lt;br /&gt;" Type="String" />
      <Value Key="Link-titel" Value="Meer info" Type="String" />
      <Value Key="Link" Value="/NABV" Type="Hyperlink" />
    </Entity>
    <Entity AssignmentObjectType="Default" AttributeSetStaticName="2ef7fc20-dd26-46bb-bf3e-a95156c67fa7" AttributeSetName="Badge-Airsoft" EntityGUID="8c53ee77-2da0-4eb2-9ebf-bf5fc7e0623f">
      <Value Key="Titel" Value="Nerfparty" Type="String" />
      <Value Key="Teaser" Value="Vetste feest. Ever!" Type="String" />
      <Value Key="Link-titel" Value="Boek m nu" Type="String" />
      <Value Key="Icon" Value="" Type="String" />
      <Value Key="Link" Value="/Events" Type="Hyperlink" />
    </Entity>
    <Entity AssignmentObjectType="Default" AttributeSetStaticName="2ef7fc20-dd26-46bb-bf3e-a95156c67fa7" AttributeSetName="Badge-Airsoft" EntityGUID="2e8cc97c-799c-4eea-a43c-297d308961d4">
      <Value Key="Titel" Value="Bedrijfsfeest" Type="String" />
      <Value Key="Teaser" Value="Fight or flight!" Type="String" />
      <Value Key="Link-titel" Value="Meer info" Type="String" />
      <Value Key="Icon" Value="suitcase" Type="String" />
      <Value Key="Link" Value="/Bedrijfsuitje" Type="Hyperlink" />
    </Entity>
    <Entity AssignmentObjectType="Default" AttributeSetStaticName="2ef7fc20-dd26-46bb-bf3e-a95156c67fa7" AttributeSetName="Badge-Airsoft" EntityGUID="37ef6498-67c2-40a3-a1c8-b1d6f1a3364b">
      <Value Key="Titel" Value="Kinderfeestje" Type="String" />
      <Value Key="Teaser" Value="Het feestje dat nog niemand heeft gedaan, Nerf en Airsoft! Do you have the Nerf?" Type="String" />
      <Value Key="Link-titel" Value="Meer info" Type="String" />
      <Value Key="Icon" Value="child" Type="String" />
      <Value Key="Link" Value="/Kinderfeestje" Type="Hyperlink" />
    </Entity>
    <Entity AssignmentObjectType="Default" AttributeSetStaticName="2ef7fc20-dd26-46bb-bf3e-a95156c67fa7" AttributeSetName="Badge-Airsoft" EntityGUID="c4b13de3-830b-4b18-8408-6a11aa888dbe">
      <Value Key="Titel" Value="Titel" Type="String" />
      <Value Key="Teaser" Value="" Type="String" />
      <Value Key="Link-titel" Value="" Type="String" />
      <Value Key="Icon" Value="" Type="String" />
      <Value Key="Link" Value="" Type="Hyperlink" />
    </Entity>
    <Entity AssignmentObjectType="Default" AttributeSetStaticName="2ef7fc20-dd26-46bb-bf3e-a95156c67fa7" AttributeSetName="Badge-Airsoft" EntityGUID="7570f498-d0c9-49f9-a0c2-a05120484e74">
      <Value Key="Titel" Value="Uit met je vrienden" Type="String" />
      <Value Key="Teaser" Value="We don't stop playing because we grow old we grow old because we stop playing!" Type="String" />
      <Value Key="Link-titel" Value="Meer info" Type="String" />
      <Value Key="Icon" Value="users" Type="String" />
      <Value Key="Link" Value="/Uit-met-je-vrienden" Type="Hyperlink" />
    </Entity>
    <Entity AssignmentObjectType="Default" AttributeSetStaticName="2ef7fc20-dd26-46bb-bf3e-a95156c67fa7" AttributeSetName="Badge-Airsoft" EntityGUID="7b625523-266c-4a6f-93a7-be7a6510d999">
      <Value Key="Titel" Value="FPS regels" Type="String" />
      <Value Key="Teaser" Value="Indoor alle replica's max. 360fps en outdoor alles conform NABV regelementen" Type="String" />
      <Value Key="Link-titel" Value="" Type="String" />
      <Value Key="Icon" Value="" Type="String" />
      <Value Key="Link" Value="" Type="Hyperlink" />
    </Entity>
    <Entity AssignmentObjectType="Default" AttributeSetStaticName="2ef7fc20-dd26-46bb-bf3e-a95156c67fa7" AttributeSetName="Badge-Airsoft" EntityGUID="8a385e22-054d-4568-b4fe-8d2a77c9530d">
      <Value Key="Titel" Value="Sniper rifle, DMR, spray &amp; pray en HPA" Type="String" />
      <Value Key="Teaser" Value="Iedereen is welkom, do behave!" Type="String" />
      <Value Key="Link-titel" Value="" Type="String" />
      <Value Key="Icon" Value="" Type="String" />
      <Value Key="Link" Value="" Type="Hyperlink" />
    </Entity>
    <Entity AssignmentObjectType="Default" AttributeSetStaticName="2ef7fc20-dd26-46bb-bf3e-a95156c67fa7" AttributeSetName="Badge-Airsoft" EntityGUID="5019b37e-1672-4d30-9395-ab1ef375181d">
      <Value Key="Titel" Value="BB's, lasers en ander gelazer" Type="String" />
      <Value Key="Teaser" Value="BIO buiten, ook non BIO binnen, geen metalen, geen glazen etc., geen schadelijke lasers, do behave!" Type="String" />
      <Value Key="Link-titel" Value="" Type="String" />
      <Value Key="Icon" Value="" Type="String" />
      <Value Key="Link" Value="" Type="Hyperlink" />
    </Entity>
    <Entity AssignmentObjectType="Default" AttributeSetStaticName="2ef7fc20-dd26-46bb-bf3e-a95156c67fa7" AttributeSetName="Badge-Airsoft" EntityGUID="49642f86-fde2-43b5-b25c-d3bfedb1bf0e">
      <Value Key="Titel" Value="Pang regel" Type="String" />
      <Value Key="Teaser" Value="Zowel indoor als outdoor 3m, binnen 5m niet op het hoofd.. Common sense, do behave!" Type="String" />
      <Value Key="Link-titel" Value="" Type="String" />
      <Value Key="Icon" Value="" Type="String" />
      <Value Key="Link" Value="" Type="Hyperlink" />
    </Entity>
    <Entity AssignmentObjectType="Default" AttributeSetStaticName="2ef7fc20-dd26-46bb-bf3e-a95156c67fa7" AttributeSetName="Badge-Airsoft" EntityGUID="7464949f-4ba1-42f2-9a3c-308510b6b5ad">
      <Value Key="Titel" Value="Gentleman's rulez" Type="String" />
      <Value Key="Teaser" Value="Schelden mag, uitschelden nooit.. Sorry is not the hardest word.. Discussieren doe je thuis!" Type="String" />
      <Value Key="Link-titel" Value="" Type="String" />
      <Value Key="Icon" Value="" Type="String" />
      <Value Key="Link" Value="" Type="Hyperlink" />
    </Entity>
    <Entity AssignmentObjectType="Default" AttributeSetStaticName="2ef7fc20-dd26-46bb-bf3e-a95156c67fa7" AttributeSetName="Badge-Airsoft" EntityGUID="a0b5b43c-e575-48f9-8950-1e66ef5df9eb">
      <Value Key="Titel" Value="Shooting rulez.." Type="String" />
      <Value Key="Teaser" Value="Geen blindfire, dead man don't talk... or shoot, hit is hit who cares where it came from.." Type="String" />
      <Value Key="Link-titel" Value="" Type="String" />
      <Value Key="Icon" Value="" Type="String" />
      <Value Key="Link" Value="" Type="Hyperlink" />
    </Entity>
  </Entities>
  <PortalFiles />
  <PortalFolders>
    <Folder Id="1247" RelativePath="adam/Badge-Airsoft/" />
  </PortalFolders>
</SexyContent>