<?xml version="1.0" encoding="utf-8" standalone="yes"?>
<SexyContent FileVersion="07.00.00" MinimumRequiredVersion="07.00.00" ModuleVersion="09.02.00" ExportDate="2017-12-01T14:55:36.6469816+01:00">
  <Header>
    <App Guid="1804fc36-ffa5-4689-87b0-4bb16b1a628f" />
    <Language Default="nl-NL" />
    <Dimensions />
  </Header>
  <AttributeSets>
    <AttributeSet StaticName="App-Resources" Name="App-Resources" Description="Stores resources like translations for an app" Scope="2SexyContent-App" AlwaysShareConfiguration="false">
      <Attributes />
    </AttributeSet>
    <AttributeSet StaticName="App-Settings" Name="App-Settings" Description="Stores settings for an app" Scope="2SexyContent-App" AlwaysShareConfiguration="false">
      <Attributes />
    </AttributeSet>
    <AttributeSet StaticName="2a985100-b0df-49fa-9b4a-3a75be0f4cc9" Name="Teaser-header" Description="Teaser-header" Scope="2SexyContent" AlwaysShareConfiguration="false">
      <Attributes>
        <Attribute StaticName="Title" Type="String" IsTitle="true">
          <Entity AssignmentObjectType="EAV Field Properties" AttributeSetStaticName="@All" AttributeSetName="@All" EntityGUID="5b8b10b9-c3a7-4124-97b8-9424b365bc78" KeyNumber="643">
            <Value Key="VisibleInEditUI" Value="True" Type="Boolean" />
            <Value Key="Name" Value="Title" Type="String" />
            <Value Key="InputType" Value="string-default" Type="String" />
          </Entity>
        </Attribute>
        <Attribute StaticName="Subtitel" Type="String" IsTitle="true">
          <Entity AssignmentObjectType="EAV Field Properties" AttributeSetStaticName="@All" AttributeSetName="@All" EntityGUID="1e79ae52-a7fe-4388-b605-00ee813e9503" KeyNumber="644">
            <Value Key="VisibleInEditUI" Value="True" Type="Boolean" />
            <Value Key="Name" Value="Subtitel" Type="String" />
            <Value Key="InputType" Value="string-default" Type="String" />
          </Entity>
        </Attribute>
        <Attribute StaticName="Image" Type="Hyperlink" IsTitle="true">
          <Entity AssignmentObjectType="EAV Field Properties" AttributeSetStaticName="@All" AttributeSetName="@All" EntityGUID="fd49dea4-46b2-46e0-90fc-2fb61bcb323c" KeyNumber="645">
            <Value Key="VisibleInEditUI" Value="True" Type="Boolean" />
            <Value Key="Name" Value="Image" Type="String" />
            <Value Key="InputType" Value="hyperlink-library" Type="String" />
          </Entity>
        </Attribute>
        <Attribute StaticName="CTA" Type="String" IsTitle="true">
          <Entity AssignmentObjectType="EAV Field Properties" AttributeSetStaticName="@All" AttributeSetName="@All" EntityGUID="3d6a253f-2175-4f30-97b3-61edee74da70" KeyNumber="646">
            <Value Key="VisibleInEditUI" Value="True" Type="Boolean" />
            <Value Key="Name" Value="CTA" Type="String" />
            <Value Key="InputType" Value="string-default" Type="String" />
          </Entity>
        </Attribute>
        <Attribute StaticName="CTA-sub" Type="String" IsTitle="true">
          <Entity AssignmentObjectType="EAV Field Properties" AttributeSetStaticName="@All" AttributeSetName="@All" EntityGUID="b3f75069-979d-4e47-bc4d-0ca2ceebf308" KeyNumber="647">
            <Value Key="VisibleInEditUI" Value="True" Type="Boolean" />
            <Value Key="Name" Value="CTA-sub" Type="String" />
            <Value Key="InputType" Value="string-default" Type="String" />
          </Entity>
        </Attribute>
        <Attribute StaticName="Content" Type="String" IsTitle="true">
          <Entity AssignmentObjectType="EAV Field Properties" AttributeSetStaticName="@All" AttributeSetName="@All" EntityGUID="b96a652b-a186-4b09-957b-091563777967" KeyNumber="648">
            <Value Key="VisibleInEditUI" Value="True" Type="Boolean" />
            <Value Key="Name" Value="Content" Type="String" />
            <Value Key="InputType" Value="string-wysiwyg" Type="String" />
          </Entity>
        </Attribute>
      </Attributes>
    </AttributeSet>
  </AttributeSets>
  <Entities>
    <Entity AssignmentObjectType="App" AttributeSetStaticName="2SexyContent-App" AttributeSetName="2SexyContent-App" EntityGUID="c23eaee7-b602-49df-9754-1dd207d56ac8" KeyNumber="18">
      <Value Key="DisplayName" Value="Teaser-header" Type="String" />
      <Value Key="Folder" Value="Teaser-header" Type="String" />
      <Value Key="AllowTokenTemplates" Value="False" Type="Boolean" />
      <Value Key="AllowRazorTemplates" Value="False" Type="Boolean" />
      <Value Key="Version" Value="00.00.01" Type="String" />
      <Value Key="OriginalId" Value="" Type="String" />
    </Entity>
    <Entity AssignmentObjectType="App" AttributeSetStaticName="App-Settings" AttributeSetName="App-Settings" EntityGUID="051f0e37-24f0-4551-87ce-7bfe11b8044f" KeyNumber="18" />
    <Entity AssignmentObjectType="App" AttributeSetStaticName="App-Resources" AttributeSetName="App-Resources" EntityGUID="196e3917-cf2c-48f6-afc2-b80233fcd7e7" KeyNumber="18" />
    <Entity AssignmentObjectType="Default" AttributeSetStaticName="2SexyContent-Template" AttributeSetName="2SexyContent-Template" EntityGUID="344d1a04-9eb4-4bc7-8a58-0b6119b1f301">
      <Value Key="Name" Value="Teaser-header" Type="String" />
      <Value Key="ViewNameInUrl" Value="" Type="String" />
      <Value Key="Type" Value="Token" Type="String" />
      <Value Key="Location" Value="Portal File System" Type="String" />
      <Value Key="StreamsToPublish" Value="" Type="String" />
      <Value Key="IsHidden" Value="False" Type="Boolean" />
      <Value Key="Path" Value="Teaser-header.html" Type="String" />
      <Value Key="ContentTypeStaticName" Value="2a985100-b0df-49fa-9b4a-3a75be0f4cc9" Type="String" />
      <Value Key="PresentationTypeStaticName" Value="2a985100-b0df-49fa-9b4a-3a75be0f4cc9" Type="String" />
      <Value Key="UseForList" Value="False" Type="Boolean" />
      <Value Key="ListContentTypeStaticName" Value="" Type="String" />
      <Value Key="ListPresentationTypeStaticName" Value="" Type="String" />
      <Value Key="PublishData" Value="False" Type="Boolean" />
    </Entity>
    <Entity AssignmentObjectType="Default" AttributeSetStaticName="2a985100-b0df-49fa-9b4a-3a75be0f4cc9" AttributeSetName="Teaser-header" EntityGUID="cd95735e-2115-438f-80f7-70b585581165">
      <Value Key="Title" Value="NABV" Type="String" />
      <Value Key="Subtitel" Value="Airsoft was al niet voor de watjes. Klaar voor next level, hardcore?" Type="String" />
      <Value Key="CTA" Value="Kies je uitdaging" Type="String" />
      <Value Key="CTA-sub" Value="6 SCENARIO'S" Type="String" />
      <Value Key="Content" Value="Ken je OP-Center van Tom Clancy? Wel eens Call of Duty gespeeld? Nou in het echie! Bevrijd de gijzelaars, verover een compound of schakel de terroristen uit!  Mauris viverra, dui at cursus suscipit, lectus odio hendrerit ante, nec iaculis felis nulla quis tellus. In rhoncus pharetra quam. Sed vel mauris ut libero malesuada posuere quis id risus. Nulla vitae ipsum ac est sagittis luctus at id lacus. Aliquam eu aliquam nisi. Suspendisse suscipit libero vitae scelerisque molestie uisque tortor odio, feugiat." Type="String" />
      <Value Key="Image" Value="/portals/0/Templates/images/Schermafbeelding%202017-03-07%20om%2015.33.45.png" Type="Hyperlink" />
    </Entity>
  </Entities>
  <PortalFiles />
  <PortalFolders>
    <Folder Id="1242" RelativePath="adam/Teaser-header/" />
    <Folder Id="1245" RelativePath="adam/Teaser-header/1LyK79Aw6UCZvpldEzlmzg/" />
    <Folder Id="1246" RelativePath="adam/Teaser-header/1LyK79Aw6UCZvpldEzlmzg/Image/" />
    <Folder Id="1479" RelativePath="adam/Teaser-header/V78WuyITIkOeFMSc73v09A/" />
    <Folder Id="1481" RelativePath="adam/Teaser-header/V78WuyITIkOeFMSc73v09A/Image/" />
    <Folder Id="1480" RelativePath="adam/Teaser-header/Vi7rsKbOdU-0tbsUAODfIw/" />
    <Folder Id="1482" RelativePath="adam/Teaser-header/Vi7rsKbOdU-0tbsUAODfIw/Image/" />
    <Folder Id="1243" RelativePath="adam/Teaser-header/XnOVzRUhj0OA93C1hVgRZQ/" />
    <Folder Id="1244" RelativePath="adam/Teaser-header/XnOVzRUhj0OA93C1hVgRZQ/Image/" />
  </PortalFolders>
</SexyContent>