<?xml version="1.0" encoding="utf-8" standalone="yes"?>
<SexyContent FileVersion="07.00.00" MinimumRequiredVersion="07.00.00" ModuleVersion="09.02.00" ExportDate="2017-12-01T14:53:59.2390777+01:00">
  <Header>
    <App Guid="533f65e2-5b4e-4d67-9f3b-6c6b63260dc4" />
    <Language Default="nl-NL" />
    <Dimensions />
  </Header>
  <AttributeSets>
    <AttributeSet StaticName="91fb0403-d4ba-461c-88c0-a0cbb85e004f" Name="360view" Description="360view" Scope="2SexyContent" AlwaysShareConfiguration="false">
      <Attributes>
        <Attribute StaticName="viewcode" Type="String" IsTitle="true">
          <Entity AssignmentObjectType="EAV Field Properties" AttributeSetStaticName="@All" AttributeSetName="@All" EntityGUID="fd586bd6-2b5e-4400-9b8c-8b85705f2f3d" KeyNumber="665">
            <Value Key="VisibleInEditUI" Value="True" Type="Boolean" />
            <Value Key="Name" Value="viewcode" Type="String" />
            <Value Key="InputType" Value="string-default" Type="String" />
          </Entity>
        </Attribute>
      </Attributes>
    </AttributeSet>
    <AttributeSet StaticName="App-Resources" Name="App-Resources" Description="Stores resources like translations for an app" Scope="2SexyContent-App" AlwaysShareConfiguration="false">
      <Attributes />
    </AttributeSet>
    <AttributeSet StaticName="App-Settings" Name="App-Settings" Description="Stores settings for an app" Scope="2SexyContent-App" AlwaysShareConfiguration="false">
      <Attributes />
    </AttributeSet>
  </AttributeSets>
  <Entities>
    <Entity AssignmentObjectType="App" AttributeSetStaticName="2SexyContent-App" AttributeSetName="2SexyContent-App" EntityGUID="750d722d-9a61-4925-b44b-7a6223b15f63" KeyNumber="24">
      <Value Key="DisplayName" Value="360view" Type="String" />
      <Value Key="Folder" Value="360view" Type="String" />
      <Value Key="AllowTokenTemplates" Value="False" Type="Boolean" />
      <Value Key="AllowRazorTemplates" Value="False" Type="Boolean" />
      <Value Key="Version" Value="00.00.01" Type="String" />
      <Value Key="OriginalId" Value="" Type="String" />
    </Entity>
    <Entity AssignmentObjectType="App" AttributeSetStaticName="App-Settings" AttributeSetName="App-Settings" EntityGUID="e9465094-93e5-404d-9a6f-c2a065caf096" KeyNumber="24" />
    <Entity AssignmentObjectType="App" AttributeSetStaticName="App-Resources" AttributeSetName="App-Resources" EntityGUID="b0f1bf49-2860-43c0-a745-70b93ff17488" KeyNumber="24" />
    <Entity AssignmentObjectType="Default" AttributeSetStaticName="2SexyContent-Template" AttributeSetName="2SexyContent-Template" EntityGUID="af496f0a-7a98-4d5d-bf72-1222063979c4">
      <Value Key="Name" Value="360viewcode" Type="String" />
      <Value Key="ViewNameInUrl" Value="" Type="String" />
      <Value Key="Type" Value="Token" Type="String" />
      <Value Key="Location" Value="Portal File System" Type="String" />
      <Value Key="StreamsToPublish" Value="" Type="String" />
      <Value Key="IsHidden" Value="False" Type="Boolean" />
      <Value Key="Path" Value="360viewcode.html" Type="String" />
      <Value Key="ContentTypeStaticName" Value="91fb0403-d4ba-461c-88c0-a0cbb85e004f" Type="String" />
      <Value Key="PresentationTypeStaticName" Value="91fb0403-d4ba-461c-88c0-a0cbb85e004f" Type="String" />
      <Value Key="UseForList" Value="False" Type="Boolean" />
      <Value Key="ListContentTypeStaticName" Value="" Type="String" />
      <Value Key="ListPresentationTypeStaticName" Value="" Type="String" />
      <Value Key="PublishData" Value="False" Type="Boolean" />
    </Entity>
    <Entity AssignmentObjectType="Default" AttributeSetStaticName="91fb0403-d4ba-461c-88c0-a0cbb85e004f" AttributeSetName="360view" EntityGUID="0b18b682-757c-4c56-9f2f-1bad6653071b">
      <Value Key="viewcode" Value="&lt;iframe allowfullscreen=&quot;&quot; frameborder=&quot;0&quot; height=&quot;800&quot; src=&quot;https://www.google.com/maps/embed?pb=!1m0!4v1503575798367!6m8!1m7!1sCAoSLEFGMVFpcE9Va09jYmtfUEpfMC1QWW5hdHhPNWlwVm5XLUdFaW45Z0FDeWJh!2m2!1d52.0388721!2d4.2381576!3f0!4f0!5f0.7820865974627469&quot; style=&quot;border:0&quot; width=&quot;100%&quot;&gt;&lt;/iframe&gt;" Type="String" />
    </Entity>
    <Entity AssignmentObjectType="Default" AttributeSetStaticName="91fb0403-d4ba-461c-88c0-a0cbb85e004f" AttributeSetName="360view" EntityGUID="52fe4c0e-0f34-4fa6-aa12-4baad4d50049">
      <Value Key="viewcode" Value="&lt;iframe allowfullscreen=&quot;&quot; frameborder=&quot;0&quot; height=&quot;800&quot; src=&quot;https://www.google.com/maps/embed?pb=!1m0!4v1503575798367!6m8!1m7!1sCAoSLEFGMVFpcE9Va09jYmtfUEpfMC1QWW5hdHhPNWlwVm5XLUdFaW45Z0FDeWJh!2m2!1d52.0388721!2d4.2381576!3f0!4f0!5f0.7820865974627469&quot; style=&quot;border:0&quot; width=&quot;100%&quot;&gt;&lt;/iframe&gt;" Type="String" />
    </Entity>
    <Entity AssignmentObjectType="Default" AttributeSetStaticName="91fb0403-d4ba-461c-88c0-a0cbb85e004f" AttributeSetName="360view" EntityGUID="f3bca68e-9c32-4669-baad-b4309cd7624c">
      <Value Key="viewcode" Value="&lt;iframe src=&quot;https://www.google.com/maps/embed?pb=!1m0!4v1509025408936!6m8!1m7!1sCAoSLEFGMVFpcFBaLVFDOExVSkJfRXFvT0FSdExDTG9kb0hlWUNaNS16NVNjR3Zj!2m2!1d52.0381878331085!2d4.239828764575435!3f226!4f-2!5f0.7820865974627469&quot; width=&quot;100%&quot; height=&quot;450&quot; frameborder=&quot;0&quot; style=&quot;border:0&quot; allowfullscreen&gt;&lt;/iframe&gt;" Type="String" />
    </Entity>
  </Entities>
  <PortalFiles />
  <PortalFolders>
    <Folder Id="1585" RelativePath="adam/360view/" />
  </PortalFolders>
</SexyContent>