<?xml version="1.0" encoding="utf-8" standalone="yes"?>
<SexyContent FileVersion="07.00.00" MinimumRequiredVersion="07.00.00" ModuleVersion="09.02.00" ExportDate="2017-12-01T14:55:26.952917+01:00">
  <Header>
    <App Guid="a24cf5e8-405e-4423-885e-5cc0e3e9d5ca" />
    <Language Default="nl-NL" />
    <Dimensions />
  </Header>
  <AttributeSets>
    <AttributeSet StaticName="App-Resources" Name="App-Resources" Description="Stores resources like translations for an app" Scope="2SexyContent-App" AlwaysShareConfiguration="false">
      <Attributes />
    </AttributeSet>
    <AttributeSet StaticName="App-Settings" Name="App-Settings" Description="Stores settings for an app" Scope="2SexyContent-App" AlwaysShareConfiguration="false">
      <Attributes />
    </AttributeSet>
    <AttributeSet StaticName="c5e17c7f-2c87-4834-a38b-2f3a7b7f9316" Name="Ready-Airsoft" Description="Ready-Airsoft" Scope="2SexyContent" AlwaysShareConfiguration="false">
      <Attributes>
        <Attribute StaticName="Titel" Type="String" IsTitle="true">
          <Entity AssignmentObjectType="EAV Field Properties" AttributeSetStaticName="@All" AttributeSetName="@All" EntityGUID="69af47d1-c705-46c8-983e-2dcb605eccea" KeyNumber="566">
            <Value Key="VisibleInEditUI" Value="True" Type="Boolean" />
            <Value Key="Name" Value="Titel" Type="String" />
            <Value Key="InputType" Value="string-default" Type="String" />
            <Value Key="Notes" Value="" Type="String" />
            <Value Key="Required" Value="False" Type="Boolean" />
            <Value Key="DefaultValue" Value="Ben jij er klaar voor?" Type="String" />
            <Value Key="Disabled" Value="False" Type="Boolean" />
            <Value Key="ValidationRegExJavaScript" Value="" Type="String" />
            <Value Key="CustomJavaScript" Value="" Type="String" />
          </Entity>
          <Entity AssignmentObjectType="EAV Field Properties" AttributeSetStaticName="@String" AttributeSetName="@String" EntityGUID="8eead0a3-c29a-4907-b492-70b9971e7d3b" KeyNumber="566">
            <Value Key="InputType" Value="" Type="String" />
            <Value Key="RowCount" Value="1" Type="Number" />
            <Value Key="ValidationAutomatic" Value="" Type="String" />
            <Value Key="ValidationRegEx" Value="" Type="String" />
            <Value Key="ValidationRegExJavaScript" Value="" Type="String" />
            <Value Key="DropdownValues" Value="" Type="String" />
            <Value Key="WysiwygHeight" Value="" Type="Number" />
            <Value Key="WysiwygWidth" Value="" Type="Number" />
          </Entity>
          <Entity AssignmentObjectType="EAV Field Properties" AttributeSetStaticName="@string-default" AttributeSetName="@string-default" EntityGUID="df0f59d0-f399-4542-a927-ed598b65e623" KeyNumber="566">
            <Value Key="RowCount" Value="" Type="Number" />
          </Entity>
        </Attribute>
        <Attribute StaticName="Subtitel" Type="String" IsTitle="true">
          <Entity AssignmentObjectType="EAV Field Properties" AttributeSetStaticName="@All" AttributeSetName="@All" EntityGUID="39eba3c5-723d-4449-8243-35dd4d98200f" KeyNumber="567">
            <Value Key="VisibleInEditUI" Value="True" Type="Boolean" />
            <Value Key="Name" Value="Subtitel" Type="String" />
            <Value Key="InputType" Value="string-default" Type="String" />
          </Entity>
        </Attribute>
        <Attribute StaticName="Button-Left" Type="String" IsTitle="true">
          <Entity AssignmentObjectType="EAV Field Properties" AttributeSetStaticName="@All" AttributeSetName="@All" EntityGUID="e427d4ab-4f4e-4327-bac1-3cc13c587961" KeyNumber="568">
            <Value Key="VisibleInEditUI" Value="True" Type="Boolean" />
            <Value Key="Name" Value="Button-Left" Type="String" />
            <Value Key="InputType" Value="string-default" Type="String" />
          </Entity>
        </Attribute>
        <Attribute StaticName="Button-Left-Link" Type="Hyperlink" IsTitle="true">
          <Entity AssignmentObjectType="EAV Field Properties" AttributeSetStaticName="@All" AttributeSetName="@All" EntityGUID="a26a9438-88ec-4c7f-9000-c403b6cfbbfc" KeyNumber="569">
            <Value Key="VisibleInEditUI" Value="True" Type="Boolean" />
            <Value Key="Name" Value="Button-Left-Link" Type="String" />
            <Value Key="InputType" Value="hyperlink-default" Type="String" />
          </Entity>
        </Attribute>
        <Attribute StaticName="Button-Right" Type="String" IsTitle="true">
          <Entity AssignmentObjectType="EAV Field Properties" AttributeSetStaticName="@All" AttributeSetName="@All" EntityGUID="7e6a5139-4187-4331-b0ca-baf106943c75" KeyNumber="570">
            <Value Key="VisibleInEditUI" Value="True" Type="Boolean" />
            <Value Key="Name" Value="Button-Right" Type="String" />
            <Value Key="InputType" Value="string-default" Type="String" />
          </Entity>
        </Attribute>
        <Attribute StaticName="Button-Right-Link" Type="Hyperlink" IsTitle="true">
          <Entity AssignmentObjectType="EAV Field Properties" AttributeSetStaticName="@All" AttributeSetName="@All" EntityGUID="8a8b3cff-5945-435b-8445-d673e069a226" KeyNumber="571">
            <Value Key="VisibleInEditUI" Value="True" Type="Boolean" />
            <Value Key="Name" Value="Button-Right-Link" Type="String" />
            <Value Key="InputType" Value="hyperlink-default" Type="String" />
          </Entity>
        </Attribute>
      </Attributes>
    </AttributeSet>
  </AttributeSets>
  <Entities>
    <Entity AssignmentObjectType="App" AttributeSetStaticName="2SexyContent-App" AttributeSetName="2SexyContent-App" EntityGUID="67c4a2dc-0455-4ae1-a6fb-c5b4ecf30b2e" KeyNumber="14">
      <Value Key="DisplayName" Value="Ready?" Type="String" />
      <Value Key="Folder" Value="Ready" Type="String" />
      <Value Key="AllowTokenTemplates" Value="False" Type="Boolean" />
      <Value Key="AllowRazorTemplates" Value="False" Type="Boolean" />
      <Value Key="Version" Value="00.00.01" Type="String" />
      <Value Key="OriginalId" Value="" Type="String" />
    </Entity>
    <Entity AssignmentObjectType="App" AttributeSetStaticName="App-Settings" AttributeSetName="App-Settings" EntityGUID="abe53009-b4e0-4bdd-9bea-4c456db61d1d" KeyNumber="14" />
    <Entity AssignmentObjectType="App" AttributeSetStaticName="App-Resources" AttributeSetName="App-Resources" EntityGUID="8cce8a9c-683c-4cc7-a554-ef04760ca346" KeyNumber="14" />
    <Entity AssignmentObjectType="Default" AttributeSetStaticName="2SexyContent-Template" AttributeSetName="2SexyContent-Template" EntityGUID="9aa5752d-f2d8-4ff6-8708-c3ca31a7399a">
      <Value Key="Name" Value="Ready-Airsoft" Type="String" />
      <Value Key="ViewNameInUrl" Value="" Type="String" />
      <Value Key="Type" Value="Token" Type="String" />
      <Value Key="Location" Value="Portal File System" Type="String" />
      <Value Key="StreamsToPublish" Value="" Type="String" />
      <Value Key="IsHidden" Value="False" Type="Boolean" />
      <Value Key="Path" Value="Ready-airsoft.html" Type="String" />
      <Value Key="ContentTypeStaticName" Value="c5e17c7f-2c87-4834-a38b-2f3a7b7f9316" Type="String" />
      <Value Key="PresentationTypeStaticName" Value="c5e17c7f-2c87-4834-a38b-2f3a7b7f9316" Type="String" />
      <Value Key="UseForList" Value="False" Type="Boolean" />
      <Value Key="ListContentTypeStaticName" Value="" Type="String" />
      <Value Key="ListPresentationTypeStaticName" Value="" Type="String" />
      <Value Key="PublishData" Value="False" Type="Boolean" />
      <Value Key="ContentDemoEntity" Value="e0b636bb-866a-4f21-9606-dfc3878dbc53" Type="Entity" />
      <Value Key="PresentationDemoEntity" Value="e0b636bb-866a-4f21-9606-dfc3878dbc53" Type="Entity" />
    </Entity>
    <Entity AssignmentObjectType="Default" AttributeSetStaticName="c5e17c7f-2c87-4834-a38b-2f3a7b7f9316" AttributeSetName="Ready-Airsoft" EntityGUID="5a747499-5f86-445c-9052-59bdb1f7a8fd">
      <Value Key="Titel" Value="BEN JIJ ER KLAAR VOOR?" Type="String" />
      <Value Key="Subtitel" Value="Airsoft is niet voor iedereen. Maar als het wel jouw ding is,. dan kun je helemaal los." Type="String" />
      <Value Key="Button-Left" Value="Boek event" Type="String" />
      <Value Key="Button-Left-Link" Value="/Events" Type="Hyperlink" />
      <Value Key="Button-Right" Value="Shop voor  je eigen gear" Type="String" />
      <Value Key="Button-Right-Link" Value="/Shop" Type="Hyperlink" />
    </Entity>
    <Entity AssignmentObjectType="Default" AttributeSetStaticName="c5e17c7f-2c87-4834-a38b-2f3a7b7f9316" AttributeSetName="Ready-Airsoft" EntityGUID="5d5bc0d9-83b6-4257-af2f-33c8855b6226">
      <Value Key="Titel" Value="Ben jij er klaar voor?" Type="String" />
      <Value Key="Subtitel" Value="Airsoft is niet voor iedereen. Maar als het wel jouw ding is,. dan kun je helemaal los." Type="String" />
      <Value Key="Button-Left" Value="Airsoft" Type="String" />
      <Value Key="Button-Right" Value="Nerf" Type="String" />
      <Value Key="Button-Left-Link" Value="/Airsoft" Type="Hyperlink" />
      <Value Key="Button-Right-Link" Value="/Nerf" Type="Hyperlink" />
    </Entity>
  </Entities>
  <PortalFiles />
  <PortalFolders>
    <Folder Id="1589" RelativePath="adam/Ready/" />
  </PortalFolders>
</SexyContent>