<?xml version="1.0" encoding="utf-8" standalone="yes"?>
<SexyContent FileVersion="07.00.00" MinimumRequiredVersion="07.00.00" ModuleVersion="09.02.00" ExportDate="2017-12-01T14:54:19.9696469+01:00">
  <Header>
    <App Guid="56a77ac3-0c4b-413c-942d-ae187ce469bd" />
    <Language Default="nl-NL" />
    <Dimensions />
  </Header>
  <AttributeSets>
    <AttributeSet StaticName="d21d695d-2994-471e-acda-52f72b528f8c" Name="Airsoft-testimonial" Description="Airsoft-testimonial" Scope="2SexyContent" AlwaysShareConfiguration="false">
      <Attributes>
        <Attribute StaticName="Quote" Type="String" IsTitle="true">
          <Entity AssignmentObjectType="EAV Field Properties" AttributeSetStaticName="@All" AttributeSetName="@All" EntityGUID="95570a85-f6a3-44b4-8585-231cd079b71c" KeyNumber="657">
            <Value Key="VisibleInEditUI" Value="True" Type="Boolean" />
            <Value Key="Name" Value="Quote" Type="String" />
            <Value Key="InputType" Value="string-wysiwyg" Type="String" />
          </Entity>
        </Attribute>
        <Attribute StaticName="Image" Type="Hyperlink" IsTitle="true">
          <Entity AssignmentObjectType="EAV Field Properties" AttributeSetStaticName="@All" AttributeSetName="@All" EntityGUID="0134febe-ec90-46bc-9205-3be130ac12a6" KeyNumber="658">
            <Value Key="VisibleInEditUI" Value="True" Type="Boolean" />
            <Value Key="Name" Value="Image" Type="String" />
            <Value Key="InputType" Value="hyperlink-default" Type="String" />
          </Entity>
        </Attribute>
        <Attribute StaticName="Naam" Type="String" IsTitle="true">
          <Entity AssignmentObjectType="EAV Field Properties" AttributeSetStaticName="@All" AttributeSetName="@All" EntityGUID="8f7cb4f0-4b6a-4fc6-9d7d-1f2ec2cf6bf0" KeyNumber="659">
            <Value Key="VisibleInEditUI" Value="True" Type="Boolean" />
            <Value Key="Name" Value="Naam" Type="String" />
            <Value Key="InputType" Value="string-default" Type="String" />
          </Entity>
        </Attribute>
      </Attributes>
    </AttributeSet>
    <AttributeSet StaticName="App-Resources" Name="App-Resources" Description="Stores resources like translations for an app" Scope="2SexyContent-App" AlwaysShareConfiguration="false">
      <Attributes />
    </AttributeSet>
    <AttributeSet StaticName="App-Settings" Name="App-Settings" Description="Stores settings for an app" Scope="2SexyContent-App" AlwaysShareConfiguration="false">
      <Attributes />
    </AttributeSet>
  </AttributeSets>
  <Entities>
    <Entity AssignmentObjectType="App" AttributeSetStaticName="2SexyContent-App" AttributeSetName="2SexyContent-App" EntityGUID="e61679eb-5639-40c0-995e-2cfb33772ef9" KeyNumber="22">
      <Value Key="DisplayName" Value="Airsoft-testimonial" Type="String" />
      <Value Key="Folder" Value="Airsoft-testimonial" Type="String" />
      <Value Key="AllowTokenTemplates" Value="False" Type="Boolean" />
      <Value Key="AllowRazorTemplates" Value="False" Type="Boolean" />
      <Value Key="Version" Value="00.00.01" Type="String" />
      <Value Key="OriginalId" Value="" Type="String" />
    </Entity>
    <Entity AssignmentObjectType="App" AttributeSetStaticName="App-Settings" AttributeSetName="App-Settings" EntityGUID="5eedc716-a185-4995-ac1d-973ccd33b7c0" KeyNumber="22" />
    <Entity AssignmentObjectType="App" AttributeSetStaticName="App-Resources" AttributeSetName="App-Resources" EntityGUID="f932b603-065c-445f-bc5a-fadd3152536c" KeyNumber="22" />
    <Entity AssignmentObjectType="Default" AttributeSetStaticName="2SexyContent-Template" AttributeSetName="2SexyContent-Template" EntityGUID="ca800b8b-fbc3-420d-8e15-fd97a07ad416">
      <Value Key="Name" Value="Airsoft-testimonial" Type="String" />
      <Value Key="ViewNameInUrl" Value="" Type="String" />
      <Value Key="Type" Value="Token" Type="String" />
      <Value Key="Location" Value="Portal File System" Type="String" />
      <Value Key="StreamsToPublish" Value="" Type="String" />
      <Value Key="IsHidden" Value="False" Type="Boolean" />
      <Value Key="Path" Value="Airsoft-testimonial.html" Type="String" />
      <Value Key="ContentTypeStaticName" Value="d21d695d-2994-471e-acda-52f72b528f8c" Type="String" />
      <Value Key="PresentationTypeStaticName" Value="d21d695d-2994-471e-acda-52f72b528f8c" Type="String" />
      <Value Key="UseForList" Value="True" Type="Boolean" />
      <Value Key="ListContentTypeStaticName" Value="d21d695d-2994-471e-acda-52f72b528f8c" Type="String" />
      <Value Key="ListPresentationTypeStaticName" Value="d21d695d-2994-471e-acda-52f72b528f8c" Type="String" />
      <Value Key="PublishData" Value="False" Type="Boolean" />
    </Entity>
    <Entity AssignmentObjectType="Default" AttributeSetStaticName="d21d695d-2994-471e-acda-52f72b528f8c" AttributeSetName="Airsoft-testimonial" EntityGUID="d67dc96c-c1fb-44ce-8a45-53b03aace792">
      <Value Key="Naam" Value="Tycho de Waard" Type="String" />
      <Value Key="Quote" Value="&lt;p&gt;Gewoonweg briljant. Beste feest ever. Adrenaline rush en afkoelen met een biertje. Hatseflats&lt;/p&gt;" Type="String" />
      <Value Key="Image" Value="File:5759" Type="Hyperlink" />
    </Entity>
    <Entity AssignmentObjectType="Default" AttributeSetStaticName="d21d695d-2994-471e-acda-52f72b528f8c" AttributeSetName="Airsoft-testimonial" EntityGUID="980dff54-d30a-46c2-b0a9-f470df6787c2">
      <Value Key="Naam" Value="Leo van der Meer" Type="String" />
      <Value Key="Quote" Value="&lt;p&gt;Vandaag met 9 kids Nerf Party gedaan!! Perfect. Wij hoeven niks te doen. En de kids hebben de tijd van hun leven!! SUPER&lt;/p&gt;" Type="String" />
      <Value Key="Image" Value="File:5762" Type="Hyperlink" />
    </Entity>
    <Entity AssignmentObjectType="Default" AttributeSetStaticName="d21d695d-2994-471e-acda-52f72b528f8c" AttributeSetName="Airsoft-testimonial" EntityGUID="d45cad3b-f4a5-405e-8d96-c5dc5ce484bc">
      <Value Key="Naam" Value="Francien Voskamp" Type="String" />
      <Value Key="Quote" Value="&lt;p&gt;Hele leuke middag gehad!&lt;/p&gt;" Type="String" />
      <Value Key="Image" Value="File:5764" Type="Hyperlink" />
    </Entity>
    <Entity AssignmentObjectType="Default" AttributeSetStaticName="d21d695d-2994-471e-acda-52f72b528f8c" AttributeSetName="Airsoft-testimonial" EntityGUID="adb40bce-5231-4079-800d-fbd2723a6e75">
      <Value Key="Naam" Value="Jeff van Geest" Type="String" />
      <Value Key="Quote" Value="&lt;p&gt;Communicatie en service zeer goed. Leuk bedrijfsuitje.&lt;/p&gt;&#xA;&lt;p&gt;De IT nerds van de Vanad group hadden het naar hun zin. We zullen vast een zeker in de toekomst nog een keer komen.&lt;/p&gt;" Type="String" />
      <Value Key="Image" Value="File:5780" Type="Hyperlink" />
    </Entity>
    <Entity AssignmentObjectType="Default" AttributeSetStaticName="d21d695d-2994-471e-acda-52f72b528f8c" AttributeSetName="Airsoft-testimonial" EntityGUID="72204049-5c9f-482f-89bd-2950edd35a39">
      <Value Key="Naam" Value="Peter van der Plas" Type="String" />
      <Value Key="Quote" Value="&lt;p&gt;Wat een beleving.. van directeur tot support medewerker iedereen ging helemaal op in de game.. Van A-Z goed begeleid met doordachte games en heel mooi materiaal, die H&amp;amp;K UMP zal ik gaan missen.. Tot snel!&lt;/p&gt;" Type="String" />
      <Value Key="Image" Value="File:5783" Type="Hyperlink" />
    </Entity>
    <Entity AssignmentObjectType="Default" AttributeSetStaticName="d21d695d-2994-471e-acda-52f72b528f8c" AttributeSetName="Airsoft-testimonial" EntityGUID="88a135de-fbd7-408a-8540-c278e9ac4229">
      <Value Key="Naam" Value="" Type="String" />
      <Value Key="Quote" Value="" Type="String" />
      <Value Key="Image" Value="" Type="Hyperlink" />
    </Entity>
    <Entity AssignmentObjectType="Default" AttributeSetStaticName="d21d695d-2994-471e-acda-52f72b528f8c" AttributeSetName="Airsoft-testimonial" EntityGUID="233faeab-df43-4ac5-8f60-3ddeb4d05056">
      <Value Key="Naam" Value="Hans van Bommel" Type="String" />
      <Value Key="Quote" Value="&lt;p&gt;Ja ik kan alleen maar vijf sterren geven en dat is eigenlijk te weinig. De twee groepen die op dezelfde tijd stonden lagen elkaar niet echt: de adrenaline liep de oren uit. Het personeel dacht actief mee en kwamen met een prima oplossing.&lt;br /&gt;Bedankt voor de spannende, plezierige, soms wat pijnlijke zondagmiddag.&lt;/p&gt;" Type="String" />
      <Value Key="Image" Value="File:5784" Type="Hyperlink" />
    </Entity>
    <Entity AssignmentObjectType="Default" AttributeSetStaticName="d21d695d-2994-471e-acda-52f72b528f8c" AttributeSetName="Airsoft-testimonial" EntityGUID="26c4b425-4351-4864-ac7e-f1863a46fffd">
      <Value Key="Naam" Value="Rens Borkent" Type="String" />
      <Value Key="Quote" Value="&lt;p&gt;Ik heb gisteren een ontzettend leuke avond gehad. Ideaal om alleen of met een vriend een paar uurtjes te rennen, sliden, duiken, hit roepen en te respawnen.&lt;/p&gt;&#xA;&lt;p&gt;De organisatie is super relaxed en heeft echt plezier in wat ze doen. Goede kennis en goede tips. Spellen zijn snel, vol actie en kampen is hier geen optie. er is goed nagedacht over het veld.&lt;/p&gt;&#xA;&lt;p&gt;Enige wat ik aan te merken heb is dat het voor mijn ogen op sommige stukken net te donker zijn. En dat ik soms dacht dat het ergens vrij was om vervolgens daar vandaan geraakt te worden. Volgende x zet ik een lampje op me replica.&lt;/p&gt;&#xA;&lt;p&gt;Je zult mij in iedergeval vaker daar tegenkomen.&lt;/p&gt;" Type="String" />
      <Value Key="Image" Value="File:5786" Type="Hyperlink" />
    </Entity>
    <Entity AssignmentObjectType="Default" AttributeSetStaticName="d21d695d-2994-471e-acda-52f72b528f8c" AttributeSetName="Airsoft-testimonial" EntityGUID="11307c0c-d089-42e3-87b0-2a3ab1650200">
      <Value Key="Naam" Value="Jelle Ouwehand" Type="String" />
      <Value Key="Quote" Value="&lt;p&gt;Al meerdere malen geweest. Leuke baan en vriendelijk personeel. Zeker een aanrader!&lt;br /&gt; Hopelijk gaat snel de outdoor baan open!&lt;/p&gt;" Type="String" />
      <Value Key="Image" Value="File:5787" Type="Hyperlink" />
    </Entity>
    <Entity AssignmentObjectType="Default" AttributeSetStaticName="d21d695d-2994-471e-acda-52f72b528f8c" AttributeSetName="Airsoft-testimonial" EntityGUID="fcad3800-e084-4561-a2e1-2fb36fa4e823">
      <Value Key="Naam" Value="Mick de Bakker" Type="String" />
      <Value Key="Quote" Value="&lt;p&gt;Goede begeleiding, leuke mix van ervaren en minder ervaren spelers!&lt;/p&gt;" Type="String" />
      <Value Key="Image" Value="File:5788" Type="Hyperlink" />
    </Entity>
    <Entity AssignmentObjectType="Default" AttributeSetStaticName="d21d695d-2994-471e-acda-52f72b528f8c" AttributeSetName="Airsoft-testimonial" EntityGUID="8daaa9be-465e-4ac2-ac78-9191ceb33caf">
      <Value Key="Naam" Value="Rob de Groot" Type="String" />
      <Value Key="Quote" Value="&lt;p&gt;Net terug van een avondje knallen bij airsoft inc, een aanrader! Super vriendelijke mensen die er verstand van hebben en weten waar ze over praten. Bedankt!&lt;/p&gt;" Type="String" />
      <Value Key="Image" Value="File:5789" Type="Hyperlink" />
    </Entity>
    <Entity AssignmentObjectType="Default" AttributeSetStaticName="d21d695d-2994-471e-acda-52f72b528f8c" AttributeSetName="Airsoft-testimonial" EntityGUID="fef76aef-f278-49f4-9c66-9b6663a011d2">
      <Value Key="Naam" Value="Bowie Koene" Type="String" />
      <Value Key="Quote" Value="&lt;p&gt;Zeer goed en leuk spel gezellige mensen heb het gister zwaar naar me zin gehad goed matriaal!&lt;/p&gt;" Type="String" />
      <Value Key="Image" Value="File:5790" Type="Hyperlink" />
    </Entity>
    <Entity AssignmentObjectType="Default" AttributeSetStaticName="d21d695d-2994-471e-acda-52f72b528f8c" AttributeSetName="Airsoft-testimonial" EntityGUID="223c6b24-e6a1-46d4-b507-1a4e26f967a1">
      <Value Key="Naam" Value="Roger Amweg" Type="String" />
      <Value Key="Quote" Value="&lt;p&gt;Gisteravond met de mannen van heren 2 honkbalteam van SV Wassenaar 3 uurtjes gespeeld! Mannen waren allemaal enthousiast en hebben het fantastisch naar hun zin gehad!&lt;/p&gt;&#xA;&lt;p&gt;Enkele reacties van de mannen waren:&amp;nbsp;&lt;br /&gt;&quot;was top&quot;&amp;nbsp;&lt;br /&gt;&quot;super gezellig&quot;&amp;nbsp;&lt;br /&gt;&quot;topavond&quot;&lt;/p&gt;&#xA;&lt;p&gt;Zeker weten voor herhaling vatbaar!&lt;/p&gt;&#xA;&lt;p&gt;Wederom goed geregeld door Airsoft inc!&lt;/p&gt;" Type="String" />
      <Value Key="Image" Value="File:5874" Type="Hyperlink" />
    </Entity>
    <Entity AssignmentObjectType="Default" AttributeSetStaticName="d21d695d-2994-471e-acda-52f72b528f8c" AttributeSetName="Airsoft-testimonial" EntityGUID="d8db29fd-ae95-4539-ba1e-e7df24b79674">
      <Value Key="Naam" Value="Leo van der Meer" Type="String" />
      <Value Key="Quote" Value="&lt;p&gt;Vandaag met 9 kids Nerf Party gedaan!! Perfect. Wij hoeven niks te doen. En de kids hebben de tijd van hun leven!! SUPER&lt;/p&gt;" Type="String" />
      <Value Key="Image" Value="File:5841" Type="Hyperlink" />
    </Entity>
    <Entity AssignmentObjectType="Default" AttributeSetStaticName="d21d695d-2994-471e-acda-52f72b528f8c" AttributeSetName="Airsoft-testimonial" EntityGUID="7f202811-5a88-4a6b-994f-0f1a12ba5bcd">
      <Value Key="Naam" Value="Damian Spaans" Type="String" />
      <Value Key="Quote" Value="&lt;p&gt;Net geweest en was super gaaf&lt;/p&gt;" Type="String" />
      <Value Key="Image" Value="File:5842" Type="Hyperlink" />
    </Entity>
    <Entity AssignmentObjectType="Default" AttributeSetStaticName="d21d695d-2994-471e-acda-52f72b528f8c" AttributeSetName="Airsoft-testimonial" EntityGUID="09936e9e-09a9-431b-99b0-c705ea69fb69">
      <Value Key="Naam" Value="Francien Voskamp" Type="String" />
      <Value Key="Quote" Value="&lt;p&gt;Hele leuke middag gehad&lt;/p&gt;" Type="String" />
      <Value Key="Image" Value="File:5843" Type="Hyperlink" />
    </Entity>
    <Entity AssignmentObjectType="Default" AttributeSetStaticName="d21d695d-2994-471e-acda-52f72b528f8c" AttributeSetName="Airsoft-testimonial" EntityGUID="f12a27d3-ceed-4ffb-b3e0-2d5cd075dfcc">
      <Value Key="Naam" Value="Chantal Froling-van Dijck" Type="String" />
      <Value Key="Quote" Value="&lt;p&gt;Kinderfeestje van Donny, was super gaaf! # nerf feestje&lt;/p&gt;" Type="String" />
      <Value Key="Image" Value="File:5844" Type="Hyperlink" />
    </Entity>
    <Entity AssignmentObjectType="Default" AttributeSetStaticName="d21d695d-2994-471e-acda-52f72b528f8c" AttributeSetName="Airsoft-testimonial" EntityGUID="123888dd-d51a-457e-8b27-85f08916faff">
      <Value Key="Naam" Value="Given en Donne Baven" Type="String" />
      <Value Key="Quote" Value="&lt;p&gt;Het was de gaafste dag van onze vakantie! We hebben genoten! Gave guns, super coole games, zoals &quot;capture the flag&quot;, Team Death Match&quot; &amp;amp; &quot;Search &amp;amp; Destroy&quot;. Het was net of we in &quot;Black Ops&quot; of &quot;Modern Warfare&quot; speelden. Bedankt voor een super avond en we komen snel weer een keertje langs!&lt;/p&gt;&#xA;&lt;p&gt;Groeten Given en Donne Baven&lt;/p&gt;" Type="String" />
      <Value Key="Image" Value="File:5845" Type="Hyperlink" />
    </Entity>
    <Entity AssignmentObjectType="Default" AttributeSetStaticName="d21d695d-2994-471e-acda-52f72b528f8c" AttributeSetName="Airsoft-testimonial" EntityGUID="a087eaa0-960d-414a-b3ae-60ec88374019">
      <Value Key="Naam" Value="" Type="String" />
      <Value Key="Quote" Value="" Type="String" />
      <Value Key="Image" Value="" Type="Hyperlink" />
    </Entity>
    <Entity AssignmentObjectType="Default" AttributeSetStaticName="d21d695d-2994-471e-acda-52f72b528f8c" AttributeSetName="Airsoft-testimonial" EntityGUID="5ee9269d-58eb-463a-b13c-8c8f9f4c16ef">
      <Value Key="Naam" Value="Boudewijn Eikenhout" Type="String" />
      <Value Key="Quote" Value="&lt;p&gt;Geweldige ervaring, zoals elke keer. Nu met een grote groep heerlijk 3 uur gespeeld, en zelfs na sluitingstijd doorgegaan omdat er een paar later waren komen opdagen. Binnenkort gaan we weer maar nu huren we gewoon de hele zaal af.&lt;/p&gt;" Type="String" />
      <Value Key="Image" Value="File:5996" Type="Hyperlink" />
    </Entity>
    <Entity AssignmentObjectType="Default" AttributeSetStaticName="d21d695d-2994-471e-acda-52f72b528f8c" AttributeSetName="Airsoft-testimonial" EntityGUID="47601f50-41ad-4df1-be2b-6f93f491119d">
      <Value Key="Naam" Value="Tim Elligens S.A.T." Type="String" />
      <Value Key="Quote" Value="&lt;p&gt;Eerste keer daar en het personeel was zeer vriendelijk, veiligheid staat voorop en fairplay ook. Vragen werden beantwoord en advies werd gegeven.&lt;/p&gt;&#xA;&lt;p&gt;Zeer geslaagde avond!&lt;/p&gt;" Type="String" />
      <Value Key="Image" Value="File:5876" Type="Hyperlink" />
    </Entity>
    <Entity AssignmentObjectType="Default" AttributeSetStaticName="d21d695d-2994-471e-acda-52f72b528f8c" AttributeSetName="Airsoft-testimonial" EntityGUID="39338857-32d3-4470-a176-0643b1b14ccd">
      <Value Key="Naam" Value="Martin Slob Krypteia" Type="String" />
      <Value Key="Quote" Value="&lt;p&gt;Leuke locatie om ff stoom af te blazen. Vriendelijke orga , heb een top avond gehad.&lt;/p&gt;" Type="String" />
      <Value Key="Image" Value="File:5877" Type="Hyperlink" />
    </Entity>
    <Entity AssignmentObjectType="Default" AttributeSetStaticName="d21d695d-2994-471e-acda-52f72b528f8c" AttributeSetName="Airsoft-testimonial" EntityGUID="f260615c-fc43-49e1-b987-56f7f7db5dcd">
      <Value Key="Naam" Value="Vincent Willems" Type="String" />
      <Value Key="Quote" Value="&lt;p&gt;Hele leuke Airsoft locatie. Ik heb hier binnen en op het buitenveld gespeeld, super naar mijn zin gehad. Het personeel is zeer kundig en vriendelijk. De winkel hangt vol met spullen/replica's van de betere merken.&lt;/p&gt;&#xA;&lt;p&gt;Niet te vergeten, parkeren is gratis.&lt;/p&gt;&#xA;&lt;p&gt;Toppertje gewoon!&lt;/p&gt;" Type="String" />
      <Value Key="Image" Value="File:5988" Type="Hyperlink" />
    </Entity>
    <Entity AssignmentObjectType="Default" AttributeSetStaticName="d21d695d-2994-471e-acda-52f72b528f8c" AttributeSetName="Airsoft-testimonial" EntityGUID="dd265420-e028-4f6c-af4d-10df5861ed3a">
      <Value Key="Naam" Value="Donovan Chung" Type="String" />
      <Value Key="Quote" Value="&lt;p&gt;Geweldige plek om te airsoften. Ben zelf met aller 1e keer airsoften daar begonnen en niet meer weg te slaan. Personeel is geweldig en vriendelijk en willen je met alles helpen om een geweldige dag airsoften te hebben.&lt;/p&gt;" Type="String" />
      <Value Key="Image" Value="File:5991" Type="Hyperlink" />
    </Entity>
    <Entity AssignmentObjectType="Default" AttributeSetStaticName="d21d695d-2994-471e-acda-52f72b528f8c" AttributeSetName="Airsoft-testimonial" EntityGUID="ba2a2aee-7596-434d-bc67-a7c70b2a6747">
      <Value Key="Naam" Value="Robbie van Kruining" Type="String" />
      <Value Key="Quote" Value="&lt;p&gt;Top locatie, heerlijk naar mijn zin gehad en zeer regelmatig terug geweest. Serieuze gameplay, vrijgezellenfeest, bedrijfsuitje, you name it en ze regelen het.&lt;/p&gt;&#xA;&lt;p&gt;Aanrader!&lt;/p&gt;" Type="String" />
      <Value Key="Image" Value="File:5990" Type="Hyperlink" />
    </Entity>
    <Entity AssignmentObjectType="Default" AttributeSetStaticName="d21d695d-2994-471e-acda-52f72b528f8c" AttributeSetName="Airsoft-testimonial" EntityGUID="e8626210-5a19-491c-8ad5-bba8448f31ab">
      <Value Key="Naam" Value="Thijs Krav Maga" Type="String" />
      <Value Key="Quote" Value="&lt;p&gt;super tof uitje gehad&lt;/p&gt;" Type="String" />
      <Value Key="Image" Value="File:5992" Type="Hyperlink" />
    </Entity>
    <Entity AssignmentObjectType="Default" AttributeSetStaticName="d21d695d-2994-471e-acda-52f72b528f8c" AttributeSetName="Airsoft-testimonial" EntityGUID="1669abda-c57d-44a5-b11e-849d364ea1be">
      <Value Key="Naam" Value="Dave P." Type="String" />
      <Value Key="Quote" Value="&lt;p&gt;Top locatie en zeer bekwaam en vriendelijk personeel.&amp;nbsp;Groots aanbod van (A-merk) Airsoft Replica's en toebehoren.&lt;/p&gt;" Type="String" />
      <Value Key="Image" Value="File:5993" Type="Hyperlink" />
    </Entity>
    <Entity AssignmentObjectType="Default" AttributeSetStaticName="d21d695d-2994-471e-acda-52f72b528f8c" AttributeSetName="Airsoft-testimonial" EntityGUID="21dbbef3-606a-4101-9110-542763c1e91e">
      <Value Key="Naam" Value="Sander Noordermeer Sales- en Marketing Director" Type="String" />
      <Value Key="Quote" Value="&lt;p&gt;Wij zijn met SolarNRG onlangs gaan Airsoften als afsluiter van een trainingsdag. Supergaaf!! Ideaal voor de teambuilding. Bovendien hebben we er nog voor 2 weken gesprekstof aan gehad! Wij raden het iedereen aan.&lt;/p&gt;" Type="String" />
      <Value Key="Image" Value="File:5994" Type="Hyperlink" />
    </Entity>
    <Entity AssignmentObjectType="Default" AttributeSetStaticName="d21d695d-2994-471e-acda-52f72b528f8c" AttributeSetName="Airsoft-testimonial" EntityGUID="49c7c13f-3039-430d-a440-e418a00f9376">
      <Value Key="Naam" Value="Melvin van Oosten" Type="String" />
      <Value Key="Quote" Value="&lt;p&gt;Supertoffe indoor locatie met leuke spelmodi en diverse huur replica's. Mooie winkel en de huurkits zijn van goede kwaliteit.&amp;nbsp; De service is super, personeel is enthousiast en de sfeer is relaxed. Echt een aanrader om met vrienden, collega's of familie je adrenaline kwijt te kunnen!&lt;/p&gt;" Type="String" />
      <Value Key="Image" Value="File:5995" Type="Hyperlink" />
    </Entity>
  </Entities>
  <PortalFiles>
    <File Id="5759" RelativePath="adam\Airsoft-testimonial\bMl91vvBzkSKRVOwOqznkg\Image\profileimage.jpg" />
    <File Id="5762" RelativePath="adam\Airsoft-testimonial\VP8NmArTwkawqfRw32eHwg\Image\19905051_1988930094660345_4730568703715698864_n.jpg" />
    <File Id="5764" RelativePath="adam\Airsoft-testimonial\O61c1KX0XkCNlsXcXOSEvA\Image\19905007_10155540160408734_2162416225373094166_n.jpg" />
    <File Id="5780" RelativePath="adam\Airsoft-testimonial\zgu0rTFSeUCADfvScjpudQ\Image\AAEAAQAAAAAAAAn5AAAAJDk0YzMzMzQ2LWJlNzItNDE4ZC1hZGM4LTQzYjBiNDgyMjliNQ.png" />
    <File Id="5783" RelativePath="adam\Airsoft-testimonial\SUAgcp9cL0iJvSlQ7dNaOQ\Image\5d9bd784bfd234610bf8ba15e7ad6a4e_XL.jpg" />
    <File Id="5784" RelativePath="adam\Airsoft-testimonial\q64_I0PfxUqPYD3etNBQVg\Image\19511159_773498636162217_719607954557594328_n.jpg" />
    <File Id="5786" RelativePath="adam\Airsoft-testimonial\JbTEJlFDZEisfvGGOkb__Q\Image\19657061_10155456330689803_611136468099981166_n.jpg" />
    <File Id="5787" RelativePath="adam\Airsoft-testimonial\DHwwEYnQ40KHsCo6sWUCAA\Image\19113698_10209347900843341_8183767785887407179_n.jpg" />
    <File Id="5788" RelativePath="adam\Airsoft-testimonial\ADit_ITgYUWi4S-zb6ToIw\Image\13077045_10209518846158637_6889736396835614972_n.jpg" />
    <File Id="5789" RelativePath="adam\Airsoft-testimonial\vqmqjV5GwkqseJGRzrM8rw\Image\17425151_1228212897277550_4474921227500743015_n.jpg" />
    <File Id="5790" RelativePath="adam\Airsoft-testimonial\72r3_njy9EmcZptmY6AR0g\Image\18301870_1311595182259030_656869800547945698_n.jpg" />
    <File Id="5874" RelativePath="adam\Airsoft-testimonial\JGs8IqHm1Ea1BxpOJvlnoQ\Image\12993558_10206533389596816_3739356367367243979_n.jpg" />
    <File Id="5841" RelativePath="adam\Airsoft-testimonial\_Snb2JWuOUW6HuffJLeWdA\Image\19905051_1988930094660345_4730568703715698864_n.jpg" />
    <File Id="5842" RelativePath="adam\Airsoft-testimonial\ESggf4haa0qZTw8aErpbzQ\Image\270390_358019950972755_298004084_n.jpg" />
    <File Id="5843" RelativePath="adam\Airsoft-testimonial\nm6TCakJG0OZsMcF6mn7aQ\Image\13087425_10154181762538734_2338326068532880811_n.jpg" />
    <File Id="5844" RelativePath="adam\Airsoft-testimonial\0ycq8e3O-0-z4C1c0HXfzA\Image\19224835_1554426327943620_4606596241792413555_n.jpg" />
    <File Id="5845" RelativePath="adam\Airsoft-testimonial\3Yg4EhrVfkWLJ4XwiRb6_w\Image\Knipsel.JPG" />
    <File Id="5996" RelativePath="adam\Airsoft-testimonial\nSbpXutYOkaxPIyPn0wW7w\Image\Kaartformaat-Logo-Los-Vierkant.jpg" />
    <File Id="5876" RelativePath="adam\Airsoft-testimonial\UB9gR61B8U2-K2-T9JERnQ\Image\16640547_1318410081549620_860591520678073081_n.jpg" />
    <File Id="5877" RelativePath="adam\Airsoft-testimonial\V4gzOdMycEShdgZDsbFMzQ\Image\18341940_1714614352172620_5032550919383764316_n.jpg" />
    <File Id="5988" RelativePath="adam\Airsoft-testimonial\XGFg8kP84Um5h1b399tdzQ\Image\323026_108242732624255_2005228413_o.jpg" />
    <File Id="5991" RelativePath="adam\Airsoft-testimonial\IFQm3SjgbE-vTRDfWGHtOg\Image\15390802_985042011599804_468672278473598087_n.jpg" />
    <File Id="5990" RelativePath="adam\Airsoft-testimonial\7ioqupZ1TUO8Z6fHCypnRw\Image\16806732_1535735849787111_5594394457818063844_n.jpg" />
    <File Id="5992" RelativePath="adam\Airsoft-testimonial\EGJi6BlaHEmK1buoRI8xqw\Image\20525209_339427036508590_3047687631953224107_n.jpg" />
    <File Id="5993" RelativePath="adam\Airsoft-testimonial\2qtpFn3FpUSxHoSdNk6hvg\Image\photo.jpg" />
    <File Id="5994" RelativePath="adam\Airsoft-testimonial\877bIWpgAUGREFQnY8HpHg\Image\open-graph-logo.png" />
    <File Id="5995" RelativePath="adam\Airsoft-testimonial\P8HHSTkwDUOkQOQYoA-Tdg\Image\Q_1920_W_groen.jpg" />
    <File Id="5763" RelativePath="adam\Airsoft-testimonial\O61c1KX0XkCNlsXcXOSEvA\Image\19905051_1988930094660345_4730568703715698864_n.jpg" />
    <File Id="5781" RelativePath="adam\Airsoft-testimonial\SUAgcp9cL0iJvSlQ7dNaOQ\Image\CT-logo-2014.png" />
    <File Id="5782" RelativePath="adam\Airsoft-testimonial\SUAgcp9cL0iJvSlQ7dNaOQ\Image\CT-logo-2014-1.png" />
  </PortalFiles>
  <PortalFolders>
    <Folder Id="1349" RelativePath="adam/Airsoft-testimonial/bMl91vvBzkSKRVOwOqznkg/Image/" />
    <Folder Id="1355" RelativePath="adam/Airsoft-testimonial/VP8NmArTwkawqfRw32eHwg/Image/" />
    <Folder Id="1357" RelativePath="adam/Airsoft-testimonial/O61c1KX0XkCNlsXcXOSEvA/Image/" />
    <Folder Id="1380" RelativePath="adam/Airsoft-testimonial/zgu0rTFSeUCADfvScjpudQ/Image/" />
    <Folder Id="1382" RelativePath="adam/Airsoft-testimonial/SUAgcp9cL0iJvSlQ7dNaOQ/Image/" />
    <Folder Id="1384" RelativePath="adam/Airsoft-testimonial/q64_I0PfxUqPYD3etNBQVg/Image/" />
    <Folder Id="1388" RelativePath="adam/Airsoft-testimonial/JbTEJlFDZEisfvGGOkb__Q/Image/" />
    <Folder Id="1390" RelativePath="adam/Airsoft-testimonial/DHwwEYnQ40KHsCo6sWUCAA/Image/" />
    <Folder Id="1392" RelativePath="adam/Airsoft-testimonial/ADit_ITgYUWi4S-zb6ToIw/Image/" />
    <Folder Id="1394" RelativePath="adam/Airsoft-testimonial/vqmqjV5GwkqseJGRzrM8rw/Image/" />
    <Folder Id="1396" RelativePath="adam/Airsoft-testimonial/72r3_njy9EmcZptmY6AR0g/Image/" />
    <Folder Id="1436" RelativePath="adam/Airsoft-testimonial/JGs8IqHm1Ea1BxpOJvlnoQ/Image/" />
    <Folder Id="1462" RelativePath="adam/Airsoft-testimonial/_Snb2JWuOUW6HuffJLeWdA/Image/" />
    <Folder Id="1464" RelativePath="adam/Airsoft-testimonial/ESggf4haa0qZTw8aErpbzQ/Image/" />
    <Folder Id="1466" RelativePath="adam/Airsoft-testimonial/nm6TCakJG0OZsMcF6mn7aQ/Image/" />
    <Folder Id="1468" RelativePath="adam/Airsoft-testimonial/0ycq8e3O-0-z4C1c0HXfzA/Image/" />
    <Folder Id="1470" RelativePath="adam/Airsoft-testimonial/3Yg4EhrVfkWLJ4XwiRb6_w/Image/" />
    <Folder Id="1526" RelativePath="adam/Airsoft-testimonial/nSbpXutYOkaxPIyPn0wW7w/Image/" />
    <Folder Id="1528" RelativePath="adam/Airsoft-testimonial/UB9gR61B8U2-K2-T9JERnQ/Image/" />
    <Folder Id="1530" RelativePath="adam/Airsoft-testimonial/V4gzOdMycEShdgZDsbFMzQ/Image/" />
    <Folder Id="1569" RelativePath="adam/Airsoft-testimonial/XGFg8kP84Um5h1b399tdzQ/Image/" />
    <Folder Id="1571" RelativePath="adam/Airsoft-testimonial/IFQm3SjgbE-vTRDfWGHtOg/Image/" />
    <Folder Id="1573" RelativePath="adam/Airsoft-testimonial/7ioqupZ1TUO8Z6fHCypnRw/Image/" />
    <Folder Id="1575" RelativePath="adam/Airsoft-testimonial/EGJi6BlaHEmK1buoRI8xqw/Image/" />
    <Folder Id="1577" RelativePath="adam/Airsoft-testimonial/2qtpFn3FpUSxHoSdNk6hvg/Image/" />
    <Folder Id="1579" RelativePath="adam/Airsoft-testimonial/877bIWpgAUGREFQnY8HpHg/Image/" />
    <Folder Id="1581" RelativePath="adam/Airsoft-testimonial/P8HHSTkwDUOkQOQYoA-Tdg/Image/" />
    <Folder Id="1347" RelativePath="adam/Airsoft-testimonial/" />
    <Folder Id="1461" RelativePath="adam/Airsoft-testimonial/_Snb2JWuOUW6HuffJLeWdA/" />
    <Folder Id="1467" RelativePath="adam/Airsoft-testimonial/0ycq8e3O-0-z4C1c0HXfzA/" />
    <Folder Id="1576" RelativePath="adam/Airsoft-testimonial/2qtpFn3FpUSxHoSdNk6hvg/" />
    <Folder Id="1469" RelativePath="adam/Airsoft-testimonial/3Yg4EhrVfkWLJ4XwiRb6_w/" />
    <Folder Id="1395" RelativePath="adam/Airsoft-testimonial/72r3_njy9EmcZptmY6AR0g/" />
    <Folder Id="1572" RelativePath="adam/Airsoft-testimonial/7ioqupZ1TUO8Z6fHCypnRw/" />
    <Folder Id="1578" RelativePath="adam/Airsoft-testimonial/877bIWpgAUGREFQnY8HpHg/" />
    <Folder Id="1391" RelativePath="adam/Airsoft-testimonial/ADit_ITgYUWi4S-zb6ToIw/" />
    <Folder Id="1348" RelativePath="adam/Airsoft-testimonial/bMl91vvBzkSKRVOwOqznkg/" />
    <Folder Id="1389" RelativePath="adam/Airsoft-testimonial/DHwwEYnQ40KHsCo6sWUCAA/" />
    <Folder Id="1574" RelativePath="adam/Airsoft-testimonial/EGJi6BlaHEmK1buoRI8xqw/" />
    <Folder Id="1463" RelativePath="adam/Airsoft-testimonial/ESggf4haa0qZTw8aErpbzQ/" />
    <Folder Id="1570" RelativePath="adam/Airsoft-testimonial/IFQm3SjgbE-vTRDfWGHtOg/" />
    <Folder Id="1387" RelativePath="adam/Airsoft-testimonial/JbTEJlFDZEisfvGGOkb__Q/" />
    <Folder Id="1435" RelativePath="adam/Airsoft-testimonial/JGs8IqHm1Ea1BxpOJvlnoQ/" />
    <Folder Id="1465" RelativePath="adam/Airsoft-testimonial/nm6TCakJG0OZsMcF6mn7aQ/" />
    <Folder Id="1525" RelativePath="adam/Airsoft-testimonial/nSbpXutYOkaxPIyPn0wW7w/" />
    <Folder Id="1356" RelativePath="adam/Airsoft-testimonial/O61c1KX0XkCNlsXcXOSEvA/" />
    <Folder Id="1580" RelativePath="adam/Airsoft-testimonial/P8HHSTkwDUOkQOQYoA-Tdg/" />
    <Folder Id="1383" RelativePath="adam/Airsoft-testimonial/q64_I0PfxUqPYD3etNBQVg/" />
    <Folder Id="1381" RelativePath="adam/Airsoft-testimonial/SUAgcp9cL0iJvSlQ7dNaOQ/" />
    <Folder Id="1527" RelativePath="adam/Airsoft-testimonial/UB9gR61B8U2-K2-T9JERnQ/" />
    <Folder Id="1529" RelativePath="adam/Airsoft-testimonial/V4gzOdMycEShdgZDsbFMzQ/" />
    <Folder Id="1354" RelativePath="adam/Airsoft-testimonial/VP8NmArTwkawqfRw32eHwg/" />
    <Folder Id="1393" RelativePath="adam/Airsoft-testimonial/vqmqjV5GwkqseJGRzrM8rw/" />
    <Folder Id="1568" RelativePath="adam/Airsoft-testimonial/XGFg8kP84Um5h1b399tdzQ/" />
    <Folder Id="1379" RelativePath="adam/Airsoft-testimonial/zgu0rTFSeUCADfvScjpudQ/" />
  </PortalFolders>
</SexyContent>